source,make,year,model,price,engine,total_time,engine_time,location,title,url,image_url,description,first_seen,last_seen
aircraftforsale,Aviat Husky,1999,Husky,"$179,900",,,,"Mcallen, Texas",1999 Aviat A-1B Husky,https://aircraftforsale.com/aircraft/single-engine-piston/aviat/a-1b-husky/mcallen-texas-united-states/aviat-a-1b-husky-for-sale-601343,https://cdn.aircraftforsale.com/production/uploads/item/601301-601400/aircraft-single-engine-piston-aviat-a-1b-husky-for-sale-601343-1dc6b75e1bc648df-800X600-1.jpg,"Aviat A-1B Husky For Sale, 1675 Hours | Aircraftforsale.com menu POST A LISTING Aircraft For Sale Sign up Login POST A LISTING Buy Aircraft Get Financing Dealers Aviation Real Estate Realtors Articles Home Buy Aircraft Get Financing Dealers Aviation Real Estate Realtors Articles Sign in or register! Home Aircraft Single-engine Piston Aviat A-1B Husky 601343 - Aviat A-1B Husky 1999 Aviat A-1B Husky For sale Save Share More print Print picture_as_pdf PDF For sale $179,900 visibility 100+ people viewed this listing in the last 24 hours photo 5 Pictures Est: $ /mo Apply for Financing Registration data Registration number N799FW Serial number 2023 Total time 1675 hours Aircraft listing type For sale Highlights One of a kind! A one owner, NDH, IFR 180HP Husky with a Garmin GFC500 
3-axis autopilot, Garmin 430W, KX155 w/ GS, Garmin 345 w ADS-B In/Out 
and an Aspen 1000 Pro with Synthetic Vision and an AOA! A Garmin 340 
handles the intercom and audio switching duties. Dual mic/phone jacks 
for each seat, altitude reporter- it’s so nice! Aircraft location Texas, United States Airframe 8.50 x 6 “Oversize” Tires Scott Standard Tailwheel Cleveland Wheels & Brakes L Hand Landing & Taxi Lights Engine Oil Filter Baggage Door Polished Prop Spinner Dual Overhead Map Lights 60 Amp Alternator 5 Point Seatbelts Front & Rear, Inertia Reel Front Shoulder Harness Aircraft Lifting Rings (for float installations) Whelen Strobes and Nav Lights 50 Gallons Useable Fuel Useful Load: 668 Lbs. Max Takeoff",2026-06-22,2026-06-23
aircraftforsale,Aviat Husky,2002,Husky,"$155,000",,,,"Mountain Home, Texas",2002 Aviat A-1B Husky,https://aircraftforsale.com/aircraft/single-engine-piston/aviat/a-1b-husky/78058-mountain-home-texas-united-states/aviat-a-1b-husky-for-sale-600412,https://cdn.aircraftforsale.com/production/uploads/item/600401-600500/aircraft-single-engine-piston-aviat-a-1b-husky-for-sale-600412-eeb84390746f0cda-800X600-1.jpg,"Aviat A-1B Husky For Sale, 1440 Hours | Aircraftforsale.com menu POST A LISTING Aircraft For Sale Sign up Login POST A LISTING Buy Aircraft Get Financing Dealers Aviation Real Estate Realtors Articles Home Buy Aircraft Get Financing Dealers Aviation Real Estate Realtors Articles Sign in or register! Home Aircraft Single-engine Piston Aviat A-1B Husky 600412 - Aviat A-1B Husky 2002 Aviat A-1B Husky For sale Save Share More print Print picture_as_pdf PDF For sale $155,000 visibility 100+ people viewed this listing in the last 24 hours photo 4 Pictures Est: $ /mo Apply for Financing Registration data Registration number N99HY Serial number 2213 Total time 1440 hours Aircraft listing type For sale Highlights Garmin GNC355, GTX327 Transponder, GDL 88 ADS-B In and Out, Aera 560 Portable w/XM, Aspen EFD 1000, LED Nav and Landing Lights, 26"" Tires, MT Propeller...Original Hartzell Propeller Included. Aircraft location Texas, United States Airframe - Avionics - Interior/Exterior Passenger capacity: 2 Wifi: No Maintenance Manufacturer year: 2002 Finance Calculator Powered by flying Price ($) Down payment ( 0% / $ 0 ) Contract period ( 15 years) Interest rate ( 7.5 %) last_installment ($ 0 ) Monthly payment: $ 0.00 /Per month Contact us for your actual rate Inquire now SUBMIT Calculation is for information only and does not constitute an offer. Seller information SJ Goebel 78058, Mountain Home, Texas, United States You may also like Aviat A-1B FEATURED Aviat A-1B $155,000 Apply for Fina",2026-06-22,2026-06-23
aircraftforsale,Aviat Husky,2007,Husky,"$199,000",,,,"Mcallen, Texas",2007 Aviat A-1B Husky,https://aircraftforsale.com/aircraft/single-engine-piston/aviat/a-1b-husky/mcallen-texas-united-states/aviat-a-1b-husky-for-sale-601342,https://cdn.aircraftforsale.com/production/uploads/item/601301-601400/aircraft-single-engine-piston-aviat-a-1b-husky-for-sale-601342-d914e709d6aadf5c-800X600-1.jpg,"Aviat A-1B Husky For Sale, 475 Hours | Aircraftforsale.com menu POST A LISTING Aircraft For Sale Sign up Login POST A LISTING Buy Aircraft Get Financing Dealers Aviation Real Estate Realtors Articles Home Buy Aircraft Get Financing Dealers Aviation Real Estate Realtors Articles Sign in or register! Home Aircraft Single-engine Piston Aviat A-1B Husky 601342 - Aviat A-1B Husky 2007 Aviat A-1B Husky For sale Save Share More print Print picture_as_pdf PDF For sale $199,000 visibility 100+ people viewed this listing in the last 24 hours photo 6 Pictures Est: $ /mo Apply for Financing Registration data Registration number N168AA Serial number 2392 Total time 475 hours Aircraft listing type For sale Highlights Outstanding NDH, no corrosion, lightweight low time 180HP Husky with the 2200# GTOW kit installed, giving this Husky over 850 lbs of useful load, ADS-B out. Becker- lightweight & small but powerful German units (commonly used in sailplanes) comm & transponder. A Garmin 560 GPS for navigating and an electric T&B for safety. Many other upgrades including 26” Goodyear “Tundra” MLG Tires mounted and 29"" AKB Bushwheel Tires as loose equipment are included. Left and right landing lights, rear seat heat & defrost, upgraded front seatbelt harness (Hooker- commonly used in aerobatic aircraft), ship's powered Bose/Lightspeed headset jacks, very nice red leather seats & stick covers, baggage door & aft stowage with left & right doors. The current owner changed out the powerful but heavy ",2026-06-22,2026-06-23
aircraftforsale,Aviat Husky,2011,Husky,"$239,000",,,,"Mcallen, Texas",2011 Aviat A-1C-180 Husky,https://aircraftforsale.com/aircraft/single-engine-piston/aviat/a-1c-180-husky/mcallen-texas-united-states/aviat-a-1c-180-husky-for-sale-601634,https://cdn.aircraftforsale.com/production/uploads/item/601601-601700/aircraft-single-engine-piston-aviat-a-1c-180-husky-for-sale-601634-b717123dbf56c86f-800X600-1.jpg,"Aviat A-1C-180 Husky For Sale, 180 Hours | Aircraftforsale.com menu POST A LISTING Aircraft For Sale Sign up Login POST A LISTING Buy Aircraft Get Financing Dealers Aviation Real Estate Realtors Articles Home Buy Aircraft Get Financing Dealers Aviation Real Estate Realtors Articles Sign in or register! Home Aircraft Single-engine Piston Aviat A-1C-180 Husky 601634 - Aviat A-1C-180 Husky 2011 Aviat A-1C-180 Husky For sale Save Share More print Print picture_as_pdf PDF For sale $239,000 visibility 10+ people viewed this listing in the last 24 hours photo 5 Pictures Est: $ /mo Apply for Financing Registration data Registration number N300MA Serial number 3136 Total time 180 hours Aircraft listing type For sale Highlights Outstanding ""Big Door"", super-low time 180HP IFR Husky. May annual by McCreery with new fuel sight tubes, new bungees w/ a fresh SGS kit, fresh engine Lord (vibration) mounts, new left side windows. Garmin 430W, 340 Audio Panel, 327 Transponder, GI 106A, 6 pack, Vernier mixture control (perfect for a PowerFlow Tuned Exhaust System), L&R Wing Mounted LED Landing/Taxi Lights w/ Pulse feature, Cooling Lip and Lift Rings for float ops, 26"" Goodyear Tundra Tires, AKB Tailwheel Spring and all wrapped up in the most classic of Husky paint schemes & colors, Birkmeyer with a Yellow base and Black and Red trim. Virtually undetectable repair of a few fabric cuts repaired at MAC- perfect matching of paint and high quality patches. Excellent Paint, Interior and Glass. We del",2026-06-22,2026-06-23
aircraftforsale,Aviat Husky,2013,Husky,"$279,000",,,,"Mcallen, Texas",2013 Aviat A-1C-180 Husky,https://aircraftforsale.com/aircraft/single-engine-piston/aviat/a-1c-180-husky/mcallen-texas-united-states/aviat-a-1c-180-husky-for-sale-600604,https://cdn.aircraftforsale.com/production/uploads/item/600601-600700/aircraft-single-engine-piston-aviat-a-1c-180-husky-for-sale-600604-2a3ba3e28140ed08-800X600-1.jpg,"Aviat A-1C-180 Husky For Sale, 415 Hours | Aircraftforsale.com menu POST A LISTING Aircraft For Sale Sign up Login POST A LISTING Buy Aircraft Get Financing Dealers Aviation Real Estate Realtors Articles Home Buy Aircraft Get Financing Dealers Aviation Real Estate Realtors Articles Sign in or register! Home Aircraft Single-engine Piston Aviat A-1C-180 Husky 600604 - Aviat A-1C-180 Husky 2013 Aviat A-1C-180 Husky For sale Save Share More print Print picture_as_pdf PDF For sale $279,000 visibility 100+ people viewed this listing in the last 24 hours photo 7 Pictures Est: $ /mo Apply for Financing Registration data Registration number N32MA Serial number 3196 Total time 415 hours Aircraft listing type For sale Highlights AIR CONDITIONING? IN A HUSKY?  YES, YES, YES!!! THE ONLY ONE ON THE PLANET!!! We’ve been working on a solution to cooling off the cockpit of the Husky in our 100+ degre summers and WE HAVE THE ANSWER! This isn’t some ice chest or a simple fan, but an actual Air Conditioning system with a condenser and evaporator that’s 100% electric with computer controls and multiple blower speeds! Only 33 lbs. total and since its portable, no 337 needed- easy in, easy out with the baggage compartment still usable! New 100A Hartzell Alternator installed replacing the stock 70A. Easily removable through the baggage door for cool weather flying. Call for details! NEW 3-BLADE HARTZELL PATHFINDER PROP!!! This was the aircraft lent to Hartzell to certify the new Hartzell Pathfinder ",2026-06-22,2026-06-23
aircraftforsale,Aviat Husky,2014,Husky,"$309,000",,,,"Mcallen, Texas",2014 Aviat A-1C-180 Husky,https://aircraftforsale.com/aircraft/single-engine-piston/aviat/a-1c-180-husky/mcallen-texas-united-states/aviat-a-1c-180-husky-for-sale-601527,https://cdn.aircraftforsale.com/production/uploads/item/601501-601600/aircraft-single-engine-piston-aviat-a-1c-180-husky-for-sale-601527-b4e996644f963466-800X600-1.jpg,"Aviat A-1C-180 Husky For Sale, 315 Hours | Aircraftforsale.com menu POST A LISTING Aircraft For Sale Sign up Login POST A LISTING Buy Aircraft Get Financing Dealers Aviation Real Estate Realtors Articles Home Buy Aircraft Get Financing Dealers Aviation Real Estate Realtors Articles Sign in or register! Home Aircraft Single-engine Piston Aviat A-1C-180 Husky 601527 - Aviat A-1C-180 Husky 2014 Aviat A-1C-180 Husky For sale Save Share More print Print picture_as_pdf PDF For sale $309,000 visibility 100+ people viewed this listing in the last 24 hours photo 6 Pictures Est: $ /mo Apply for Financing Registration data Registration number N58NF Serial number 3204 Total time 315 hours Aircraft listing type For sale Highlights Wow!  $10,000 Price Drop! GFC500 3-Axis AUTOPILOT! G500 w/ Synthetic Vision! GTN750! Remote GTX345R ADS-B In/Out TXP and AUDIO PANEL G5 is backup to the G500 and runs the autopilot. Dual USB-A charging and AOA indicator in the panel! Second navcomm (Garmin SL40). JPI 930 Engine monitor, Gate 9 Oil Cooler Shutter valve. 843 lbs. useful load- 2 x 200 lbs. guys, 50 gallons of gas, 50 lbs of baggage, 30 lbs in the aft stowage with plenty left over! MAC repeat customer. Scheduled for new bungees & sight tubes. NDH, well-maintained with complete logs, Annual and next IFR inspections due March, 2027. Aircraft location Texas, United States Airframe Max Takeoff Weight: 2,250 lb Basic Empty Weight: 1,403 lb Useful Load: 847 lb STOL Fuel Capacity Volume: 13.21 gal Reiff En",2026-06-22,2026-06-23
aircraftforsale,Aviat Husky,2023,Husky,"$470,000",,,,"Mcallen, Texas",2023 Aviat A-1C-200 Husky,https://aircraftforsale.com/aircraft/single-engine-piston/aviat/a-1c-200-husky/mcallen-texas-united-states/aviat-a-1c-200-husky-for-sale-601635,https://cdn.aircraftforsale.com/production/uploads/item/601601-601700/aircraft-single-engine-piston-aviat-a-1c-200-husky-for-sale-601635-a93c2669910300c4-800X600-1.jpg,"Aviat A-1C-200 Husky For Sale, 105 Hours | Aircraftforsale.com menu POST A LISTING Aircraft For Sale Sign up Login POST A LISTING Buy Aircraft Get Financing Dealers Aviation Real Estate Realtors Articles Home Buy Aircraft Get Financing Dealers Aviation Real Estate Realtors Articles Sign in or register! Home Aircraft Single-engine Piston Aviat A-1C-200 Husky 601635 - Aviat A-1C-200 Husky 2023 Aviat A-1C-200 Husky For sale Save Share More print Print picture_as_pdf PDF For sale $470,000 visibility 10+ people viewed this listing in the last 24 hours photo 4 Pictures Est: $ /mo Apply for Financing Registration data Registration number N49HC Serial number 3421 Total time 105 hours Aircraft listing type For sale Highlights Only 100 hours TTSN on this beautiful Midwestern, one owner IFR Certified Garmin Glass 200HP ShockDawg. It’s fully decked out for IFR flight! Full state-of-the-art Garmin Glass (see below) with a carbon fiber Hartzell Trailblazer  & composite spinner, 26” Goodyear Tundra Tires (with a lightly used set of 29” AKB’s included) and VG’s. After 10 hours of flying, I can tell you it's as nice as they get! Certified IFR equipment w/ the amazing Garmin G500TXi PFD/MFD/Engine Monitor, GTN750Xi Comm/Nav/GPS, G5 Electric A/I with backup battery, remote Garmin ADS-B GTX345R Txp & GMA35C Audio Panel w/ Bluetooth. Other options include the GDL69A Satellite Wx/Music Receiver, Garmin GFC500 3-axis autopilot (w/ Yaw Damper) full-featured autopilot with G/S coupling, altitude/VS/I",2026-06-22,2026-06-23
aviat,Aviat Husky,2000,Husky A-1B-180,"$189,000",180 hp,,,,2000 Husky A-1B-180 N71HY,https://aviataircraft.com/husky-aircraft-used-inventory/#N71HY,,"
</div><div class=""fusion-clearfix""></div></div></div><div class=""fusion-layout-column fusion_builder_column fusion-builder-column-12 fusion_builder_column_1_1 1_1 fusion-one-full fusion-column-first fusion-column-last fusion-column-no-min-height"" style=""--awb-padding-right:40px;--awb-padding-left:40px;--awb-bg-size:cover;--awb-margin-bottom:0px;""><div class=""fusion-column-wrapper fusion-column-has-shadow fusion-flex-column-wrapper-legacy""><div class=""fusion-text fusion-text-9"" style=""--awb-text-transform:none;""><p style=""text-align: center;"">31” Tundra Tires | Baby Bushwheel Tailwheel | Garmin G5, Garmin Aera 660 | GTR225 | GTX 345 | PS Engineering Voice Activated Intercom | PM-1000II | EGT/OAT/CHT | Intercom Music Input Jack | Accessory Plug 12V Mini Plug | Instrument Panel Post Lights |",2026-06-17,2026-06-23
aviat,Aviat Husky,2007,Husky A-1C-180,"$209,000",180 hp,,,,2007 Husky A-1C-180 N777HY,https://aviataircraft.com/husky-aircraft-used-inventory/#N777HY,,"
</div><div class=""fusion-clearfix""></div></div></div><div class=""fusion-layout-column fusion_builder_column fusion-builder-column-8 fusion_builder_column_1_1 1_1 fusion-one-full fusion-column-first fusion-column-last fusion-column-no-min-height"" style=""--awb-padding-right:40px;--awb-padding-left:40px;--awb-bg-size:cover;--awb-margin-bottom:0px;""><div class=""fusion-column-wrapper fusion-column-has-shadow fusion-flex-column-wrapper-legacy""><div class=""fusion-text fusion-text-6"" style=""--awb-text-transform:none;""><p style=""text-align: center;"">Becker, Port GPS, Artificial Horizon, Garmin 496, Power Port Receptacle, Bose Harness, Garmin GTX-345 with GPS MODES Transponder, ADSB with GAE-12 Digital Encoder, GA-35 WAAS GPS Antenna, Garmin Aera 660 Portable GPS | Oversize Tires | MT Propeller | S",2026-06-09,2026-06-23
aviat,Aviat Husky,2019,Husky A-1C-180,"$365,000",180 hp,168 TT,,C29,2019 Husky A-1C-180 N18AH,https://aviataircraft.com/husky-aircraft-used-inventory/#N18AH,,"
</div><div class=""fusion-clearfix""></div></div></div><div class=""fusion-layout-column fusion_builder_column fusion-builder-column-4 fusion_builder_column_1_1 1_1 fusion-one-full fusion-column-first fusion-column-last fusion-column-no-min-height"" style=""--awb-padding-right:40px;--awb-padding-left:40px;--awb-bg-size:cover;--awb-margin-bottom:0px;""><div class=""fusion-column-wrapper fusion-column-has-shadow fusion-flex-column-wrapper-legacy""><div class=""fusion-text fusion-text-4"" style=""--awb-text-transform:none;""><p style=""text-align: center;"">Garmin G500TXi Touch Screen PFD/MFD &amp; Engine Information System, Garmin 750 Nav/Com GPS, GMA35C, Bluetooth Enabled Audio Panel, GTX 345R ADS-B Remote Transponder, Bose Headset Jacks/Twin Plugs, Garmin GTR 225A, GFC500 3 Axis Autopilot, Garmin GI275",2026-06-09,2026-06-23
barnstormers,Aviat Husky,2005,Husky,,,,,,2005 Aviat Husky A 1B,https://www.barnstormers.com/adclick.php?type=featured_category_clicks&id=2035874&adtitle=2005-Aviat-Husky-A-1B,,"                   <td style=""white-space:nowrap;""><a class='listing_header' style=""vertical-align:baseline;text-decoration:underline;color:black;"" href='/adclick.php?type=featured_category_clicks&id=2035874&adtitle=2005-Aviat-Husky-A-1B'>2005 Aviat Husky A-1B</a> <a style=""vertical-align:baseline;font-size:small;"" class='featured_click' href='/adclick.php?type=featured_category_clicks&id=2035874&adtitle=2005-Aviat-Husky-A-1B'>Click Here...</a></td>
                            <!-- <td style=""wh",2026-05-29,2026-06-23
barnstormers,Aviat Husky,2006,Husky,,,,,,2006 Aviat Husky A 1B,https://www.barnstormers.com/adclick.php?type=featured_category_clicks&id=2045647&adtitle=2006-Aviat-Husky-A-1B,,"                   <td style=""white-space:nowrap;""><a class='listing_header' style=""vertical-align:baseline;text-decoration:underline;color:black;"" href='/adclick.php?type=featured_category_clicks&id=2045647&adtitle=2006-Aviat-Husky-A-1B'>2006 Aviat Husky A-1B</a> <a style=""vertical-align:baseline;font-size:small;"" class='featured_click' href='/adclick.php?type=featured_category_clicks&id=2045647&adtitle=2006-Aviat-Husky-A-1B'>Click Here...</a></td>
                            <!-- <td style=""wh",2026-06-23,2026-06-23
controller,Aviat Husky,1999,A-1B,"$179,900",,"1,675 TT","1,675 SNEW","Mcallen, Texas",1999 AVIAT HUSKY A-1B,https://www.controller.com/listing/for-sale/254195533/1999-aviat-husky-a-1b-piston-single-aircraft,https://media.sandhills.com/img.axd?id=11010765447&wid=4326165471&rwl=False&p=&ext=&w=350&h=220&t=&lp=&c=True&wt=False&sz=Max&rt=0&checksum=KlPxEAYUw%2b4SzHAmv4661VeT79u4uLyqCqRbmmV6blo%3d,"1999 AVIAT HUSKY A-1B Piston Single Aircraft Options Featured Listing USD $179,900 Payments as low as USD $1,667.70 * *Apply for Financing Operating Costs View Details Total Time : 1,675 Serial Number : 2023 Registration # : N799FW FlightRules : IFR Engine 1 Time : 1,675 SNEW Year Interior : 1999 Description : $10,000 Price Drop! One of a kind! A one owner, NDH, IFR 180HP Husky with a 3-axis Garmin GFC500 autopilot, a 430W, a KX155 w/ GS, a Garmin 345 tra... Updated : Thursday, June 18, 2026 02:56 PM Location : Mcallen, Texas Email Seller (956) 686-1774 Seller : MCCREERY AVIATION CO INC",2026-05-30,2026-06-23
controller,Aviat Husky,2000,A-1B,"$132,370",Lycoming O-360-A1P,420 TT,420 SNEW,"London, London, United Kingdom",2000 AVIAT HUSKY A-1B,https://www.controller.com/listing/for-sale/256480029/2000-aviat-husky-a-1b-piston-single-aircraft,https://media.sandhills.com/img.axd?id=11024029465&wid=4326165471&rwl=False&p=&ext=&w=350&h=220&t=&lp=&c=True&wt=False&sz=Max&rt=0&checksum=XVXF7CoSYWyzmc05o%2f9ZAY%2btS1IrUgyHcvcMhXACG%2bs%3d,"2000 AVIAT HUSKY A-1B Piston Single Aircraft Options See All 14 Photos USD $132,370 Operating Costs View Details Total Time : 420 Serial Number : 2066 Registration # : N78HB FlightRules : VFR Engine 1 Time : 420 SNEW Engine 1 Make/Model : LYCOMING O-360-A1P Description : Updated : Tuesday, May 19, 2026 05:40 AM Location : London, London, United Kingdom Email Seller +44 7584 064729 Seller : Flightline Aviation Limted",2026-05-30,2026-06-23
controller,Aviat Husky,2007,A-1B,"$209,000",,294 TT,294 SNEW,"Middleton, Wisconsin",2007 AVIAT HUSKY A-1B,https://www.controller.com/listing/for-sale/250363283/2007-aviat-husky-a-1b-piston-single-aircraft,https://media.sandhills.com/img.axd?id=10018019040&wid=4326165471&rwl=False&p=&ext=&w=350&h=220&t=&lp=&c=True&wt=False&sz=Max&rt=0&checksum=8BGyuwmx2TIlYs%2f%2fEM5u119qwSaCvCmXXcpL%2bfEHxPc%3d,"2007 AVIAT HUSKY A-1B Piston Single Aircraft Options See All 9 Photos USD $209,000 Payments as low as USD $1,937.46 * *Apply for Financing Operating Costs View Details Total Time : 294 Registration # : N777HY Number of Seats : 2 FlightRules : VFR Engine 1 Time : 294 SNEW Year Interior : 2007 Description : 2007 Husky A-1B-180 Yellow Classic Birkmeyer - Becker/Port GPS, Artificial Horizon, Garmin 496, Power Port Receptacle, Bose Harness (mono), Garmin ... Updated : Tuesday, June 16, 2026 04:35 PM Location : Middleton, Wisconsin Email Seller (608) 332-6110 Seller : Aviat Aircraft Inc.",2026-05-30,2026-06-23
controller,Aviat Husky,2007,A-1B,"$199,000",,475 TT,475 SNEW,"Mcallen, Texas",2007 AVIAT HUSKY A-1B,https://www.controller.com/listing/for-sale/254084127/2007-aviat-husky-a-1b-piston-single-aircraft,https://media.sandhills.com/img.axd?id=11010646180&wid=4326165471&rwl=False&p=&ext=&w=350&h=220&t=&lp=&c=True&wt=False&sz=Max&rt=0&checksum=19oSWckYsRaZvNleLvbHRwZasWDC6qgHc%2fBmumaCI4c%3d,"2007 AVIAT HUSKY A-1B Piston Single Aircraft Options Featured Listing See All 15 Photos USD $199,000 Payments as low as USD $1,844.75 * *Apply for Financing Operating Costs View Details Total Time : 475 Serial Number : 2392 Registration # : N168AA FlightRules : VFR Engine 1 Time : 475 SNEW Year Interior : 2007 Description : Not just a PRICE DROP, this is a PRICE PLUMMET! Owner says SELL IT! Price reduced $30,000! Outstanding NDH, no corrosion, lightweight low time 180H... Updated : Thursday, June 18, 2026 02:56 PM Location : Mcallen, Texas Email Seller (956) 686-1774 Seller : MCCREERY AVIATION CO INC",2026-05-30,2026-06-23
controller,Aviat Husky,2010,A-1C-180,"$244,000",180 hp,804 TT,804.4 SNEW,"Peterborough, Ontario, Canada",2010 AVIAT HUSKY A-1C-180,https://www.controller.com/listing/for-sale/257237119/2010-aviat-husky-a-1c-180-piston-single-aircraft,https://media.sandhills.com/img.axd?id=11027966691&wid=4326165471&rwl=False&p=&ext=&w=350&h=220&t=&lp=&c=True&wt=False&sz=Max&rt=0&checksum=b%2f8X%2fFRgk07EaoP4nD%2fVcookNUQePIHmkziMmnLS9iA%3d,"2010 AVIAT HUSKY A-1C-180 Piston Single Aircraft Options Featured Listing See All 22 Photos USD $244,000 Operating Costs View Details Total Time : 804.4 Serial Number : 3099 Registration # : C-GTXJ Number of Seats : 2 FlightRules : IFR Engine 1 Time : 804.4 SNEW Description : This exceptionally well-equipped 2010 Aviat Husky A-1C-180 has been meticulously maintained and presents an outstanding opportunity for pilots seek... Updated : Friday, June 12, 2026 12:11 PM Location : Peterborough, Ontario, Canada Email Seller +1 905-484-3393 Seller : APEX AIRCRAFT SALES LTD",2026-06-10,2026-06-23
controller,Aviat Husky,2011,A-1C-180,"$239,000",180 hp,180 TT,180 SNEW,"Mcallen, Texas",2011 AVIAT HUSKY A-1C-180,https://www.controller.com/listing/for-sale/255957485/2011-aviat-husky-a-1c-180-piston-single-aircraft,https://media.sandhills.com/img.axd?id=11025841962&wid=4326165471&rwl=False&p=&ext=&w=350&h=220&t=&lp=&c=True&wt=False&sz=Max&rt=0&checksum=7IxjXyKOLExI4j5hTuObpWgzprz3hk43O5r5U4%2fM9rc%3d,"2011 AVIAT HUSKY A-1C-180 Piston Single Aircraft Options Featured Listing See All 16 Photos USD $239,000 Payments as low as USD $2,215.56 * *Apply for Financing Operating Costs View Details Total Time : 180 Serial Number : 3136 Registration # : N300MA FlightRules : IFR Engine 1 Time : 180 SNEW Year Interior : 2011 Description : Outstanding ""Big Door"", super-low time 180HP IFR Husky. May annual by McCreery with new fuel sight tubes, new bungees w/ a fresh SGS kit, fresh eng... Updated : Thursday, June 18, 2026 02:56 PM Location : Mcallen, Texas Email Seller (956) 686-1774 Seller : MCCREERY AVIATION CO INC",2026-05-30,2026-06-23
controller,Aviat Husky,2012,A-1C-200,"$329,000",200 hp,410 TT,410 SNEW,"Tupelo, Mississippi",2012 AVIAT HUSKY A-1C-200,https://www.controller.com/listing/for-sale/249384829/2012-aviat-husky-a-1c-200-piston-single-aircraft,https://media.sandhills.com/img.axd?id=10013259912&wid=4326165471&rwl=False&p=&ext=&w=350&h=220&t=&lp=&c=True&wt=False&sz=Max&rt=0&checksum=MIGtF6CA6zdBpQIqqSQhUxNI0%2fakr6gi0kbO5wTS0ew%3d,"2012 AVIAT HUSKY A-1C-200 Piston Single Aircraft Options Featured Listing See All 11 Photos USD $329,000 Payments as low as USD $3,049.87 * *Apply for Financing Operating Costs View Details Total Time : 410 Registration # : N146HG Engine 1 Time : 410 SNEW Engine TBO : 2000 Description : Updated : Monday, June 15, 2026 09:17 AM Location : Tupelo, Mississippi Email Seller (662) 368-8005 Seller : InmonAir",2026-05-30,2026-06-23
controller,Aviat Husky,2013,A-1C-180,"$279,000",180 hp,415 TT,415 SNEW,"Mcallen, Texas",2013 AVIAT HUSKY A-1C-180,https://www.controller.com/listing/for-sale/220797383/2013-aviat-husky-a-1c-180-piston-single-aircraft,https://media.sandhills.com/img.axd?id=10012767213&wid=4326165471&rwl=False&p=&ext=&w=350&h=220&t=&lp=&c=True&wt=False&sz=Max&rt=0&checksum=1w3HLvLezKrv52d4wqVkvChLb%2fS6Z9xpEZH4ZFQ8eW4%3d,"2013 AVIAT HUSKY A-1C-180 Piston Single Aircraft Options Featured Listing See All 24 Photos USD $279,000 Payments as low as USD $2,586.36 * *Apply for Financing Operating Costs View Details Total Time : 415 Serial Number : 3196 Registration # : N32MA FlightRules : IFR Engine 1 Time : 415 SNEW Year Interior : 2013 Description : PRICE DROP! Summer comes soon enough! This Husky has AIR CONDITIONING  A/C IN A HUSKY? YES, YES, YES!!! THE ONLY ONE ON THE PLANET!!! Only 35 lbs. ... Updated : Thursday, June 18, 2026 02:56 PM Location : Mcallen, Texas Email Seller (956) 686-1774 Seller : MCCREERY AVIATION CO INC",2026-05-30,2026-06-23
controller,Aviat Husky,2013,A-1C-180,"$245,000",180 hp,233 TT,281.61 SNEW,"Grand Junction, Colorado",2013 AVIAT HUSKY A-1C-180,https://www.controller.com/listing/for-sale/255053795/2013-aviat-husky-a-1c-180-piston-single-aircraft,https://media.sandhills.com/img.axd?id=11016484125&wid=4326165471&rwl=False&p=&ext=&w=350&h=220&t=&lp=&c=True&wt=False&sz=Max&rt=0&checksum=gZ%2fXydFMD6R%2fS2eMQthMLFcD0F7DIhfZMmQiwB%2fIrwk%3d,"2013 AVIAT HUSKY A-1C-180 Piston Single Aircraft Options Featured Listing See All 10 Photos USD $245,000 Payments as low as USD $2,271.18 * *Apply for Financing Operating Costs View Details Total Time : 233 Serial Number : 3198 Registration # : N38HU Number of Seats : 2 FlightRules : VFR Engine 1 Time : 281.61 SNEW Description : Beautiful HUSKY A-1C-180. Total Time 233. Hartzel HC-C2YR-IN TOP PROP. STANDARD Garmin 796 airplane with added Garmin G5 driving a Garmin GFC 500 d... Updated : Thursday, June 04, 2026 08:24 AM Location : Grand Junction, Colorado Email Seller (314) 492-4359 Seller : Brad Weston",2026-05-30,2026-06-23
controller,Aviat Husky,2013,A-1C-200,"$325,000",Lycoming ENGINE 200 hp,663 TT,663 SNEW,"South Saint Paul, Minnesota",2013 AVIAT HUSKY A-1C-200,https://www.controller.com/listing/for-sale/256159869/2013-aviat-husky-a-1c-200-piston-amphibious-slash-floatplanes,https://media.sandhills.com/img.axd?id=11023308963&wid=4326165471&rwl=False&p=&ext=&w=350&h=220&t=&lp=&c=True&wt=False&sz=Max&rt=0&checksum=EhBlOQx636KgG2dZs8cw8gZUEIHJAdhEAlSrizUSQ8E%3d,"2013 AVIAT HUSKY A-1C-200 Piston Amphibious/Floatplanes Options Featured Listing See All 11 Photos USD $325,000 Payments as low as USD $3,012.79 * *Apply for Financing Operating Costs View Details Total Time : 663 Serial Number : 3168 Registration # : N316AG Engine 1 Time : 663 SNEW Engine 1 Make/Model : LYCOMING Engine 1 TBO : 2000 Description : Your seaplane summer awaits! This super-clean 200 hp Husky is equipped with Wipline 2100 amphibious floats, reversing MT composite propeller (new i... Updated : Monday, June 22, 2026 08:18 AM Location : South Saint Paul, Minnesota Email Seller +1 651-414-6825 Seller : Wipaire Inc",2026-05-30,2026-06-23
controller,Aviat Husky,2014,A-1C-180,"$299,000",180 hp,315 TT,315 SNEW,"Mcallen, Texas",2014 AVIAT HUSKY A-1C-180,https://www.controller.com/listing/for-sale/255199797/2014-aviat-husky-a-1c-180-piston-single-aircraft,https://media.sandhills.com/img.axd?id=11020698038&wid=4326165471&rwl=False&p=&ext=&w=350&h=220&t=&lp=&c=True&wt=False&sz=Max&rt=0&checksum=xixNNS9VzEHdIuJ3sS6ofLNdk6W8AKzxcHdo3eObPek%3d,"2014 AVIAT HUSKY A-1C-180 Piston Single Aircraft Options Featured Listing See All 16 Photos USD $299,000 Payments as low as USD $2,771.77 * *Apply for Financing Operating Costs View Details Total Time : 315 Serial Number : 3204 Registration # : N58NF FlightRules : IFR Engine 1 Time : 315 SNEW Year Interior : 2014 Description : What an awesome ShockDawg A-1C for under $300k- truly a spectacular value! GFC500 3-Axis AUTOPILOT! G500 w/ Synthetic Vision! GTN750! Remote GTX345... Updated : Saturday, June 20, 2026 04:20 PM Location : Mcallen, Texas Email Seller (956) 686-1774 Seller : MCCREERY AVIATION CO INC",2026-05-30,2026-06-23
controller,Aviat Husky,2019,A-1C-180,"$365,000",180 hp,168 TT,65 SNEW,"Middleton, Wisconsin",2019 AVIAT HUSKY A-1C-180,https://www.controller.com/listing/for-sale/236659995/2019-aviat-husky-a-1c-180-piston-single-aircraft,https://media.sandhills.com/img.axd?id=9017638971&wid=4326165471&rwl=False&p=&ext=&w=350&h=220&t=&lp=&c=True&wt=False&sz=Max&rt=0&checksum=RKqO%2blRx6SktMPqcCxrCt1uSWSW8zKS4IfriLI5xtq0%3d,"2019 AVIAT HUSKY A-1C-180 Piston Single Aircraft Options See All 9 Photos USD $365,000 Payments as low as USD $3,383.60 * *Apply for Financing Operating Costs View Details Total Time : 168 Registration # : N18AH Number of Seats : 2 Engine 1 Time : 65 SNEW Year Interior : 2019 Year Painted : 2019 Description : 2019 Husky A-1C-180: Stunning Vector Paint Scheme in Midnight Blue Peril Yellow and Rich Red. ProVFR Touch: Garmin G500TXi Touch Screen PFD/MFD & E... Updated : Tuesday, June 16, 2026 04:34 PM Location : Middleton, Wisconsin Email Seller (608) 332-6110 Seller : Aviat Aircraft Inc.",2026-05-30,2026-06-23
controller,Aviat Husky,2019,A-1C-180,,180 hp,150 TT,150 SNEW,"Brookings, South Dakota",2019 AVIAT HUSKY A-1C-180,https://www.controller.com/listing/for-sale/246680021/2019-aviat-husky-a-1c-180-piston-single-aircraft,,"2019 AVIAT HUSKY A-1C-180 Piston Single Aircraft Options Featured Listing Call for price *Apply for Financing Operating Costs View Details Total Time : 150 Engine 1 Time : 150 SNEW Engine TBO : 2200 Description : 2019 Husky A-1C 180 HP, America's Favorite Taildragger designed with the Anniversary paint scheme. In brilliant bright white & blazing fire engine ... Updated : Thursday, May 28, 2026 03:17 PM Location : Brookings, South Dakota Email Seller (605) 204-5296 Seller : Sheldon Rasmussen",2026-05-30,2026-06-23
controller,Aviat Husky,2021,A-1C-180,"$325,000",180 hp,95 TT,95 SNEW,"Dudley, Missouri",2021 AVIAT HUSKY A-1C-180,https://www.controller.com/listing/for-sale/237851237/2021-aviat-husky-a-1c-180-piston-single-aircraft,https://media.sandhills.com/img.axd?id=11023024830&wid=4326165471&rwl=False&p=&ext=&w=350&h=220&t=&lp=&c=True&wt=False&sz=Max&rt=0&checksum=J7dwl3%2f6H89YcJu%2fL6rc%2bkAAbzlBc4CRBGcxV%2f54atI%3d,"2021 AVIAT HUSKY A-1C-180 Piston Single Aircraft Options Featured Listing See All 11 Photos USD $325,000 Payments as low as USD $3,012.79 * *Apply for Financing Operating Costs View Details Total Time : 95 Registration # : N52AH Number of Seats : 2 Engine 1 Time : 95 SNEW Year Interior : 2021 Year Painted : 2021 Description : Always Stored In Climate Controlled Hangar - Complete and Digitized Logs Available Upon Request - Excellent Maintenance History

Fresh Annual - O... Updated : Thursday, June 18, 2026 09:20 AM Location : Dudley, Missouri Email Seller (573) 427-2101 Seller : Jolliff Aviation & Rentals",2026-05-30,2026-06-23
controller,Aviat Husky,2023,A-1C-200,"$470,000",200 hp,105 TT,100 SNEW,"Mcallen, Texas",2023 AVIAT HUSKY A-1C-200,https://www.controller.com/listing/for-sale/256668449/2023-aviat-husky-a-1c-200-piston-single-aircraft,https://media.sandhills.com/img.axd?id=11026509297&wid=4326165471&rwl=False&p=&ext=&w=350&h=220&t=&lp=&c=True&wt=False&sz=Max&rt=0&checksum=mGyfOwwKlfCLGYr%2bzbF%2fUuDrZOM49oCiyPNkWLJEm%2fs%3d,"2023 AVIAT HUSKY A-1C-200 Piston Single Aircraft Options Featured Listing See All 15 Photos USD $470,000 Payments as low as USD $4,356.96 * *Apply for Financing Operating Costs View Details Total Time : 105 Serial Number : 3421 Registration # : N49HC FlightRules : IFR Engine 1 Time : 100 SNEW Year Interior : 2023 Description : Only 100 hours TTSN on this beautiful Midwestern, one owner IFR Certified Garmin Glass 200HP ShockDawg. Itâs fully decked out for IFR flight! Full ... Updated : Thursday, June 18, 2026 02:56 PM Location : Mcallen, Texas Email Seller (956) 686-1774 Seller : MCCREERY AVIATION CO INC",2026-05-30,2026-06-23
controller,Aviat Husky,2025,A-1C-200,,Lycoming IO-360-A1D6 200 hp,122 TT,0 SNEW,"Hugo, Oklahoma",2025 AVIAT HUSKY A-1C-200,https://www.controller.com/listing/for-sale/245530899/2025-aviat-husky-a-1c-200-piston-single-aircraft,,"2025 AVIAT HUSKY A-1C-200 Piston Single Aircraft Options Featured Listing See All 14 Photos Call for price *Apply for Financing Operating Costs View Details Total Time : 122 Registration # : N20HU Engine 1 Time : 0 SNEW Year Interior : 2025 Year Painted : 2025 Engine 1 Make/Model : LYCOMING IO-360-A1D6 Description : EXECUTIVE DEMO SALES EVENT! Take advantage of this exclusive opportunity to own a low-time, always hangared, meticulously maintained demo Husky in ... Updated : Tuesday, June 16, 2026 04:33 PM Location : Hugo, Oklahoma Email Seller (580) 317-5999 Seller : Aviat Aircraft Inc.",2026-05-30,2026-06-23
controller,Aviat Husky,2025,A-1C-200,,Lycoming IO-360-A1D6 200 hp,0 TT,0 SNEW,"Stayner, Ontario, Canada",2025 AVIAT HUSKY A-1C-200,https://www.controller.com/listing/for-sale/247908261/2025-aviat-husky-a-1c-200-piston-single-aircraft,,"2025 AVIAT HUSKY A-1C-200 Piston Single Aircraft Options Featured Listing See All 10 Photos Call for price Operating Costs View Details Total Time : 0 Registration # : N33SV Engine 1 Time : 0 SNEW Year Interior : 2025 Year Painted : 2025 Engine 1 Make/Model : LYCOMING IO-360-A1D6 Description : 2025 Husky A-1C-200 with a striking patriotic paint scheme: Beartooth in Bright Rich Blue, Fire Engine Red and White. Garmin G500TXi Touch Screen P... Updated : Tuesday, June 16, 2026 04:33 PM Location : Stayner, Ontario, Canada Email Seller +1 289-834-0979 Seller : Aviat Aircraft Inc.",2026-05-30,2026-06-23
controller,Aviat Husky,2025,A-1C-200,,200 hp,0 TT,0 SNEW,"Orlando, Florida",2025 AVIAT HUSKY A-1C-200,https://www.controller.com/listing/for-sale/249371347/2025-aviat-husky-a-1c-200-piston-single-aircraft,,"2025 AVIAT HUSKY A-1C-200 Piston Single Aircraft Options Featured Listing See All 14 Photos Call for price *Apply for Financing Operating Costs View Details Total Time : 0 Registration # : N36SV Number of Seats : 2 Engine 1 Time : 0 SNEW Year Interior : 2025 Year Painted : 2025 Description : 2025 Husky A-1C-200 Military Hopper Paint Scheme Matte Olive Drab - Garmin G500TXi Touch Screen PFD/MFD and Engine Information System, Garmin 750 N... Updated : Tuesday, June 16, 2026 04:33 PM Location : Orlando, Florida Email Seller (407) 620-3393 Seller : Aviat Aircraft Inc.",2026-05-30,2026-06-23
controller,Aviat Husky,2025,A-1C-180,"$525,000",180 hp,35 TT,35 SNEW,"Dayton, Ohio",2025 AVIAT HUSKY A-1C-180,https://www.controller.com/listing/for-sale/256460209/2025-aviat-husky-a-1c-180-piston-single-aircraft,https://media.sandhills.com/img.axd?id=11023904272&wid=4326165471&rwl=False&p=&ext=&w=350&h=220&t=&lp=&c=True&wt=False&sz=Max&rt=0&checksum=Oh1HURAhzUQjE%2fYNli9vEKnPTlEvzvMdIvIi8cECLVg%3d,"2025 AVIAT HUSKY A-1C-180 Piston Single Aircraft Options See All 16 Photos USD $525,000 Payments as low as USD $4,866.81 * *Apply for Financing Operating Costs View Details Total Time : 35 Serial Number : 3450 Registration # : N280WL Engine 1 Time : 35 SNEW Engine TBO : 2200 Description : Lone Mountain Aircraft is pleased to present N280WL â a Fully Loaded, Like NEW Aviat Husky A-1C-180 that is ready for summer flying!  0WL just fini... Updated : Wednesday, May 27, 2026 12:44 PM Location : Dayton, Ohio Email Seller (630) 487-1480 Seller : Lone Mountain Aircraft",2026-05-30,2026-06-23
controller,Aviat Husky,2026,A-1C-200,,200 hp,1 TT,1 SNEW,"Morgan, Utah",2026 AVIAT HUSKY A-1C-200,https://www.controller.com/listing/for-sale/251582831/2026-aviat-husky-a-1c-200-piston-single-aircraft,,"2026 AVIAT HUSKY A-1C-200 Piston Single Aircraft Options See All 14 Photos Call for price *Apply for Financing Operating Costs View Details Total Time : 1 Registration # : N75HU Number of Seats : 2 Engine 1 Time : 1 SNEW Year Interior : 2026 Year Painted : 2026 Description : Make a statement in this sporty 200 HP 2026 Husky A-1C with a bold lime green Birkmeyer Paint Scheme. Outfitted with McFarlane Alaska Lightweight A... Updated : Tuesday, June 16, 2026 04:31 PM Location : Morgan, Utah Email Seller (801) 920-1144 Seller : Aviat Aircraft Inc.",2026-05-30,2026-06-23
controller,Aviat Husky,2026,A-1C-200,,200 hp,0 TT,0 SNEW,"Belgrade, Montana",2026 AVIAT HUSKY A-1C-200,https://www.controller.com/listing/for-sale/252216853/2026-aviat-husky-a-1c-200-piston-single-aircraft,,"2026 AVIAT HUSKY A-1C-200 Piston Single Aircraft Options See All 13 Photos Call for price *Apply for Financing Operating Costs View Details Total Time : 0 Registration # : N81HY Number of Seats : 2 FlightRules : IFR Engine 1 Time : 0 SNEW Year Interior : 2026 Description : 2026 Husky A-1C-200 Wingman Paint Scheme in Charcoal Gray and Peril Yellow outfitted with Garmin G500TXi Touch Screen PFD/MFD and Engine Informatio... Updated : Tuesday, June 16, 2026 04:34 PM Location : Belgrade, Montana Email Seller (608) 234-0914 Seller : Aviat Aircraft Inc.",2026-05-30,2026-06-23
controller,Aviat Husky,2026,A-1C-180,,180 hp,1 TT,0 SNEW,"Plymouth, Massachusetts",2026 AVIAT HUSKY A-1C-180,https://www.controller.com/listing/for-sale/252440995/2026-aviat-husky-a-1c-180-piston-single-aircraft,,"2026 AVIAT HUSKY A-1C-180 Piston Single Aircraft Options See All 20 Photos Call for price *Apply for Financing Operating Costs View Details Total Time : 1 Registration # : N68HU Number of Seats : 2 FlightRules : IFR Engine 1 Time : 0 SNEW Year Interior : 2026 Description : 2026 Husky A-1C 180 with a stunning Beartooth Paint Scheme in Custom Green, Khaki, and Bright White with optional Shimmer Paint (think bass boat!).... Updated : Tuesday, June 16, 2026 04:34 PM Location : Plymouth, Massachusetts Email Seller (508) 591-0889 Seller : Aviat Aircraft Inc.",2026-06-17,2026-06-23
controller,Aviat Husky,2026,A-1C-200,,200 hp,1 TT,1 SNEW,"Middleton, Wisconsin",2026 AVIAT HUSKY A-1C-200,https://www.controller.com/listing/for-sale/257078389/2026-aviat-husky-a-1c-200-piston-single-aircraft,,"2026 AVIAT HUSKY A-1C-200 Piston Single Aircraft Options See All 11 Photos Call for price *Apply for Financing Operating Costs View Details Total Time : 1 Registration # : N60AH Number of Seats : 2 FlightRules : IFR Engine 1 Time : 1 SNEW Year Interior : 2026 Description : Bold, capable, and unmistakably adventurous, this 2026 Husky A-1C-200  is built for pilots who see every horizon as an invitation. Finished in a st... Updated : Tuesday, June 16, 2026 04:34 PM Location : Middleton, Wisconsin Email Seller (608) 332-6110 Seller : Aviat Aircraft Inc.",2026-06-05,2026-06-23
trade-a-plane,Aviat Husky,1999,HUSKY A-1B,"$179,900",,,,"McAllen, TX",1999 AVIAT HUSKY A-1B,https://www.trade-a-plane.com/search?category_level1=Single+Engine+Piston&make=AVIAT&model=HUSKY+A-1B&listing_id=2453892&s-type=aircraft,https://dsgiipnwy1jd8.cloudfront.net/eyJidWNrZXQiOiJ0YXAtYXNzZXRzMSIsImVkaXRzIjp7InJlc2l6ZSI6eyJiYWNrZ3JvdW5kIjp7ImIiOjI1NSwiZyI6MjU1LCJhbHBoYSI6MSwiciI6MjU1fSwiZml0IjoiY29udGFpbiIsIndpZHRoIjo2ODB9LCJzbWFydE92ZXJsYXkiOnsia2V5Ijoid2F0ZXJtYXJrLnBuZyIsImJ1Y2tldCI6InRhcC1hc3NldHMxIn19LCJrZXkiOiIxNTc5OTg3LmpwZyJ9,"1999 AVIAT HUSKY A-1B $179,900 Get Financing as low as $826.17 a month* Reg# N799FW TT: 1675 Performance Specs $10,000 Price Drop! One of a kind! A one owner, NDH, IFR 180HP Husky with a 3-axis Garmin GFC500 autopilot, a 430W, a KX155 w/ GS, a Garmin 345 transponder... More Info McCreery Aviation Co., Inc. McAllen , TX USA (956) 686-XXXX (click) (956) 357-XXXX (click) Compare SAVE Last Update: 06/15/2026",2026-05-29,2026-06-23
trade-a-plane,Aviat Husky,2000,HUSKY A-1B,"$195,000",,547 TT,,"Kerrville, TX",2000 AVIAT HUSKY A-1B,https://www.trade-a-plane.com/search?category_level1=Single+Engine+Piston&make=AVIAT&model=HUSKY+A-1B&listing_id=2454163&s-type=aircraft,https://dsgiipnwy1jd8.cloudfront.net/eyJidWNrZXQiOiJ0YXAtYXNzZXRzMSIsImVkaXRzIjp7InJlc2l6ZSI6eyJiYWNrZ3JvdW5kIjp7ImFscGhhIjoxLCJyIjoyNTUsImciOjI1NSwiYiI6MjU1fSwiZml0IjoiY29udGFpbiIsIndpZHRoIjo2ODB9LCJzbWFydE92ZXJsYXkiOnsia2V5Ijoid2F0ZXJtYXJrLnBuZyIsImJ1Y2tldCI6InRhcC1hc3NldHMxIn19LCJrZXkiOiIxNTgzOTI3LmpwZyJ9,"2000 AVIAT HUSKY A-1B $195,000 Get Financing as low as $895.52 a month* Reg# N448CG TT: 547 Performance Specs 2000 Husky A-1B like new, 547 TT, Seller passed away and aircraft was in a hangar in central Texas for the last fifteen years, Daughter spent $50K on exten... More Info Aeromax, USA Kerrville , TX USA (830) 446-XXXX (click) Compare SAVE Last Update: 03/23/2026",2026-05-29,2026-06-23
trade-a-plane,Aviat Husky,2003,HUSKY A-1B,"$224,000",,,,"Luray, VA",2003 AVIAT HUSKY A-1B,https://www.trade-a-plane.com/search?category_level1=Single+Engine+Piston&make=AVIAT&model=HUSKY+A-1B&listing_id=2456524&s-type=aircraft,https://dsgiipnwy1jd8.cloudfront.net/eyJrZXkiOiIxNjE5NzY0LmpwZyIsImVkaXRzIjp7InNtYXJ0T3ZlcmxheSI6eyJrZXkiOiJ3YXRlcm1hcmsucG5nIiwiYnVja2V0IjoidGFwLWFzc2V0czEifSwicmVzaXplIjp7ImJhY2tncm91bmQiOnsiZyI6MjU1LCJyIjoyNTUsImFscGhhIjoxLCJiIjoyNTV9LCJ3aWR0aCI6NjgwLCJmaXQiOiJjb250YWluIn19LCJidWNrZXQiOiJ0YXAtYXNzZXRzMSJ9,"2003 AVIAT HUSKY A-1B $224,000 Get Financing as low as $1,028.70 a month* Reg# N230W TT: 802 Performance Specs The Aviat Husky A-1B features a braced high wing, tandem seating and dual controls. The structure is steel tube frames and Dacron covering over all but the... More Info Charles Chandler Luray , VA USA Compare SAVE Last Update: 06/03/2026",2026-06-04,2026-06-23
trade-a-plane,Aviat Husky,2003,HUSKY A-1B,"$179,000",Lycoming O-360-A1P,692 Hrs,,"HP, MT",2003 AVIAT HUSKY A-1B,https://www.trade-a-plane.com/search?category_level1=Single+Engine+Piston&make=AVIAT&model=HUSKY+A-1B&listing_id=2456757&s-type=aircraft,https://dsgiipnwy1jd8.cloudfront.net/eyJidWNrZXQiOiJ0YXAtYXNzZXRzMSIsImVkaXRzIjp7InNtYXJ0T3ZlcmxheSI6eyJidWNrZXQiOiJ0YXAtYXNzZXRzMSIsImtleSI6IndhdGVybWFyay5wbmcifSwicmVzaXplIjp7ImZpdCI6ImNvbnRhaW4iLCJ3aWR0aCI6NjgwLCJiYWNrZ3JvdW5kIjp7ImciOjI1NSwiYWxwaGEiOjEsInIiOjI1NSwiYiI6MjU1fX19LCJrZXkiOiIxNjIzODI2LmpwZyJ9,"2003 AVIAT HUSKY A-1B $179,000 Get Financing as low as $822.04 a month* Reg# C-FYAB TT: 692 Performance Specs TT 692 Hrs, 692 Hrs Lycoming O-360-A1P, 180 HP, MT Prop Overhauled in 2018, Garmin GPSMAP 296 Portable GPS, Garmin SL40 COM Radio, PS Engineering Audio Pan... More Info Canadian Aircraft Sales Hawkesbury , ON CAN (613) 632-XXXX (click) Compare SAVE Last Update: 06/01/2026",2026-06-01,2026-06-23
trade-a-plane,Aviat Husky,2005,HUSKY A-1B,"$181,000",,,757 SNEW,"Spearman, TX",2005 AVIAT HUSKY A-1B,https://www.trade-a-plane.com/search?category_level1=Single+Engine+Piston&make=AVIAT&model=HUSKY+A-1B&listing_id=2454384&s-type=aircraft,https://dsgiipnwy1jd8.cloudfront.net/eyJlZGl0cyI6eyJzbWFydE92ZXJsYXkiOnsia2V5Ijoid2F0ZXJtYXJrLnBuZyIsImJ1Y2tldCI6InRhcC1hc3NldHMxIn0sInJlc2l6ZSI6eyJmaXQiOiJjb250YWluIiwid2lkdGgiOjY4MCwiYmFja2dyb3VuZCI6eyJiIjoyNTUsInIiOjI1NSwiYWxwaGEiOjEsImciOjI1NX19fSwia2V5IjoiMTU4NjU3OS5qcGciLCJidWNrZXQiOiJ0YXAtYXNzZXRzMSJ9,"2005 AVIAT HUSKY A-1B $181,000 Get Financing as low as $831.22 a month* Reg# N131WB TT: 757 Performance Specs Beautiful, hangared, well maintained Husky with new wing design, no spades.  757 SNEW. NDH.  2200# GTOW kit. Useful load 847#. L&R Aft Storage doors,  SL40... More Info Michael Schnell Spearman , TX USA Compare SAVE Last Update: 05/30/2026",2026-05-29,2026-06-23
trade-a-plane,Aviat Husky,2006,HUSKY A-1B,"$224,900",,,,"Anchorage, AK",2006 AVIAT HUSKY A-1B,https://www.trade-a-plane.com/search?category_level1=Single+Engine+Piston&make=AVIAT&model=HUSKY+A-1B&listing_id=2454882&s-type=aircraft,https://dsgiipnwy1jd8.cloudfront.net/eyJlZGl0cyI6eyJyZXNpemUiOnsiZml0IjoiY29udGFpbiIsIndpZHRoIjo2ODAsImJhY2tncm91bmQiOnsiYiI6MjU1LCJnIjoyNTUsImFscGhhIjoxLCJyIjoyNTV9fSwic21hcnRPdmVybGF5Ijp7ImJ1Y2tldCI6InRhcC1hc3NldHMxIiwia2V5Ijoid2F0ZXJtYXJrLnBuZyJ9fSwiYnVja2V0IjoidGFwLWFzc2V0czEiLCJrZXkiOiIxNTk0MDA2LmpwZyJ9,"2006 AVIAT HUSKY A-1B $224,900 Get Financing as low as $1,032.83 a month* Reg# N440F TT: 327 Performance Specs This is a standout Husky-low time, highly equipped, and exceptionally well cared for. Currently located in Anchorage, Alaska. Owned by the current owner si... More Info Anchorage , AK USA Compare SAVE Last Update: 06/22/2026",2026-06-23,2026-06-23
trade-a-plane,Aviat Husky,2007,HUSKY A-1B,"$209,000",,,,"Middleton, WI",2007 AVIAT HUSKY A-1B,https://www.trade-a-plane.com/search?category_level1=Single+Engine+Piston&make=AVIAT&model=HUSKY+A-1B&listing_id=2449870&s-type=aircraft,https://dsgiipnwy1jd8.cloudfront.net/eyJidWNrZXQiOiJ0YXAtYXNzZXRzMSIsImVkaXRzIjp7InNtYXJ0T3ZlcmxheSI6eyJidWNrZXQiOiJ0YXAtYXNzZXRzMSIsImtleSI6IndhdGVybWFyay5wbmcifSwicmVzaXplIjp7ImZpdCI6ImNvbnRhaW4iLCJ3aWR0aCI6NjgwLCJiYWNrZ3JvdW5kIjp7ImciOjI1NSwiYWxwaGEiOjEsInIiOjI1NSwiYiI6MjU1fX19LCJrZXkiOiIxNTE5MDUyLmpwZyJ9,"2007 AVIAT HUSKY A-1B $209,000 Get Financing as low as $959.81 a month* Reg# N777HY TT: 294 Performance Specs 2007 Husky A-1B-180 Yellow Classic Birkmeyer - Becker, Port GPS, Artificial Horizon, Garmin 496, Power Port Receptacle/Bose Harness, Garmin GTX-345 w/GPS M... More Info Aviat Aircraft Inc - Matt Hofeldt Middleton , WI USA (608) 332-XXXX (click) Compare SAVE Last Update: 06/17/2026",2026-05-29,2026-06-23
trade-a-plane,Aviat Husky,2007,HUSKY A-1B,"$199,000",,,,"McAllen, TX",2007 AVIAT HUSKY A-1B,https://www.trade-a-plane.com/search?category_level1=Single+Engine+Piston&make=AVIAT&model=HUSKY+A-1B&listing_id=2453890&s-type=aircraft,https://dsgiipnwy1jd8.cloudfront.net/eyJrZXkiOiIxNTc5OTMxLmpwZyIsImVkaXRzIjp7InJlc2l6ZSI6eyJiYWNrZ3JvdW5kIjp7ImIiOjI1NSwiZyI6MjU1LCJhbHBoYSI6MSwiciI6MjU1fSwiZml0IjoiY29udGFpbiIsIndpZHRoIjo2ODB9LCJzbWFydE92ZXJsYXkiOnsiYnVja2V0IjoidGFwLWFzc2V0czEiLCJrZXkiOiJ3YXRlcm1hcmsucG5nIn19LCJidWNrZXQiOiJ0YXAtYXNzZXRzMSJ9,"2007 AVIAT HUSKY A-1B $199,000 Get Financing as low as $913.89 a month* Reg# N168AA TT: 475 Performance Specs Not just a PRICE DROP, this is a PRICE PLUMMET! Owner says SELL IT! Price reduced $30,000! Outstanding NDH, no corrosion, lightweight low time 180HP Husky ... More Info McCreery Aviation Co., Inc. McAllen , TX USA (956) 686-XXXX (click) (956) 357-XXXX (click) Compare SAVE Last Update: 06/15/2026",2026-05-29,2026-06-23
trade-a-plane,Aviat Husky,2013,HUSKY A-1C,"$325,000",,,,"South St Paul, MN",2013 AVIAT HUSKY A-1C,https://www.trade-a-plane.com/search?category_level1=Single+Engine+Piston&make=AVIAT&model=HUSKY+A-1C&listing_id=2455995&s-type=aircraft,https://dsgiipnwy1jd8.cloudfront.net/eyJidWNrZXQiOiJ0YXAtYXNzZXRzMSIsImVkaXRzIjp7InJlc2l6ZSI6eyJiYWNrZ3JvdW5kIjp7InIiOjI1NSwiYWxwaGEiOjEsImciOjI1NSwiYiI6MjU1fSwid2lkdGgiOjY4MCwiZml0IjoiY29udGFpbiJ9LCJzbWFydE92ZXJsYXkiOnsia2V5Ijoid2F0ZXJtYXJrLnBuZyIsImJ1Y2tldCI6InRhcC1hc3NldHMxIn19LCJrZXkiOiIxNjExMTcyLmpwZyJ9,"2013 AVIAT HUSKY A-1C $325,000 Get Financing as low as $1,492.53 a month* Reg# N316AG TT: 663 Performance Specs Your seaplane summer awaits! This super-clean 200 hp Husky is equipped with Wipline 2100 amphibious floats, reversing MT composite propeller (new in 2024, ... More Info Wipaire, Inc. South St Paul , MN USA (651) 414-XXXX (click) Compare SAVE Last Update: 05/09/2026",2026-05-29,2026-06-23
trade-a-plane,Aviat Husky,2013,HUSKY A-1C,"$239,000",,468 TT,468 SNEW,"KBMC, UT",2013 AVIAT HUSKY A-1C,https://www.trade-a-plane.com/search?category_level1=Single+Engine+Piston&make=AVIAT&model=HUSKY+A-1C&listing_id=2456160&s-type=aircraft,https://dsgiipnwy1jd8.cloudfront.net/eyJrZXkiOiIxNjEzNzg3LmpwZyIsImVkaXRzIjp7InNtYXJ0T3ZlcmxheSI6eyJidWNrZXQiOiJ0YXAtYXNzZXRzMSIsImtleSI6IndhdGVybWFyay5wbmcifSwicmVzaXplIjp7IndpZHRoIjo2ODAsImZpdCI6ImNvbnRhaW4iLCJiYWNrZ3JvdW5kIjp7ImIiOjI1NSwiZyI6MjU1LCJyIjoyNTUsImFscGhhIjoxfX19LCJidWNrZXQiOiJ0YXAtYXNzZXRzMSJ9,"2013 AVIAT HUSKY A-1C $239,000 Get Financing as low as $1,097.58 a month* Reg# N35HU TT: 468 Performance Specs Beautiful 2013 Husky A-1C-180 with 31"" Alaskan Bushwheels & Electronic Ignition. Hartzell 80"" propeller, 468 TT, engine 468 SNEW, 31"" Heavy Tread (HT) Alas... More Info Nick Filimoehala KBMC , UT USA Compare SAVE Last Update: 06/15/2026",2026-05-29,2026-06-23
trade-a-plane,Aviat Husky,2014,HUSKY A-1C,"$378,500",,,,"Richland, MI",2014 AVIAT HUSKY A-1C,https://www.trade-a-plane.com/search?category_level1=Single+Engine+Piston&make=AVIAT&model=HUSKY+A-1C&listing_id=2456334&s-type=aircraft,https://dsgiipnwy1jd8.cloudfront.net/eyJrZXkiOiIxNjE4OTExLmpwZyIsImVkaXRzIjp7InJlc2l6ZSI6eyJiYWNrZ3JvdW5kIjp7ImciOjI1NSwiYWxwaGEiOjEsInIiOjI1NSwiYiI6MjU1fSwiZml0IjoiY29udGFpbiIsIndpZHRoIjo2ODB9LCJzbWFydE92ZXJsYXkiOnsia2V5Ijoid2F0ZXJtYXJrLnBuZyIsImJ1Y2tldCI6InRhcC1hc3NldHMxIn19LCJidWNrZXQiOiJ0YXAtYXNzZXRzMSJ9,"2014 AVIAT HUSKY A-1C $378,500 Get Financing as low as $1,738.22 a month* Reg# N143EE TT: 370 Performance Specs Super Easy water landings and takeoffs.   Updated Garmin G500 and GTN-750, with backcountry options, Reversible MT Prop makes docking a breeze,  Wipline 21... More Info Warbirds & Jets LLC. Richland , MI USA (616) 315-XXXX (click) Compare SAVE Last Update: 06/20/2026",2026-06-20,2026-06-23
trade-a-plane,Aviat Husky,2019,HUSKY A-1C,"$365,000",,,,"Middleton, WI",2019 AVIAT HUSKY A-1C,https://www.trade-a-plane.com/search?category_level1=Single+Engine+Piston&make=AVIAT&model=HUSKY+A-1C&listing_id=2450387&s-type=aircraft,https://dsgiipnwy1jd8.cloudfront.net/eyJlZGl0cyI6eyJzbWFydE92ZXJsYXkiOnsia2V5Ijoid2F0ZXJtYXJrLnBuZyIsImJ1Y2tldCI6InRhcC1hc3NldHMxIn0sInJlc2l6ZSI6eyJiYWNrZ3JvdW5kIjp7ImIiOjI1NSwiciI6MjU1LCJhbHBoYSI6MSwiZyI6MjU1fSwiZml0IjoiY29udGFpbiIsIndpZHRoIjo2ODB9fSwiYnVja2V0IjoidGFwLWFzc2V0czEiLCJrZXkiOiIxNTI2NDU4LmpwZyJ9,"2019 AVIAT HUSKY A-1C $365,000 Get Financing as low as $1,676.23 a month* Reg# N18AH TT: 168 Performance Specs 2019 Husky A-1C, 180hp with a Vector Paint Scheme in Midnight Blue, Peril Yellow and Rich Red. Outfitted with the Garmin G500TXi Touch Screen PFD/MFD & Eng... More Info Aviat Aircraft Inc - Matt Hofeldt Middleton , WI USA (608) 332-XXXX (click) Compare SAVE Last Update: 06/17/2026",2026-05-29,2026-06-23
trade-a-plane,Aviat Husky,2021,HUSKY A-1C,"$319,000",,129 Hrs,,"Central Florida, FL",2021 AVIAT HUSKY A-1C,https://www.trade-a-plane.com/search?category_level1=Single+Engine+Piston&make=AVIAT&model=HUSKY+A-1C&listing_id=2454378&s-type=aircraft,https://dsgiipnwy1jd8.cloudfront.net/eyJrZXkiOiIxNTg2Mzc5LmpwZyIsImVkaXRzIjp7InNtYXJ0T3ZlcmxheSI6eyJrZXkiOiJ3YXRlcm1hcmsucG5nIiwiYnVja2V0IjoidGFwLWFzc2V0czEifSwicmVzaXplIjp7ImJhY2tncm91bmQiOnsiYiI6MjU1LCJnIjoyNTUsImFscGhhIjoxLCJyIjoyNTV9LCJmaXQiOiJjb250YWluIiwid2lkdGgiOjY4MH19LCJidWNrZXQiOiJ0YXAtYXNzZXRzMSJ9,"2021 AVIAT HUSKY A-1C $319,000 Get Financing as low as $1,464.98 a month* Reg# N48WY TT: 129 Performance Specs 2021 Aviat Husky - 129 Hrs TTSN

Very clean, exceptionally low-time 2021 Aviat Husky with just 129 hours total time since new.  PDH. Powered by a Lycomin... More Info Typhoon Products, Inc | Craig Timm Central Florida , FL USA Compare SAVE Last Update: 05/26/2026",2026-05-29,2026-06-23
trade-a-plane,Aviat Husky,2023,HUSKY A-1C,"$470,000",,100 hours,,"McAllen, TX",2023 AVIAT HUSKY A-1C,https://www.trade-a-plane.com/search?category_level1=Single+Engine+Piston&make=AVIAT&model=HUSKY+A-1C&listing_id=2456510&s-type=aircraft,https://dsgiipnwy1jd8.cloudfront.net/eyJlZGl0cyI6eyJyZXNpemUiOnsiYmFja2dyb3VuZCI6eyJiIjoyNTUsImciOjI1NSwiciI6MjU1LCJhbHBoYSI6MX0sIndpZHRoIjo2ODAsImZpdCI6ImNvbnRhaW4ifSwic21hcnRPdmVybGF5Ijp7ImtleSI6IndhdGVybWFyay5wbmciLCJidWNrZXQiOiJ0YXAtYXNzZXRzMSJ9fSwia2V5IjoiMTYyNTM1Ni5qcGciLCJidWNrZXQiOiJ0YXAtYXNzZXRzMSJ9,"2023 AVIAT HUSKY A-1C $470,000 Get Financing as low as $2,158.43 a month* Reg# N49HC TT: 100 Performance Specs Only 100 hours TTSN on this beautiful Midwestern, one owner IFR Certified Garmin Glass 200HP ShockDawg. It's fully decked out for IFR flight! Full state-of... More Info McCreery Aviation Co., Inc. McAllen , TX USA (956) 686-XXXX (click) (956) 357-XXXX (click) Compare SAVE Last Update: 06/15/2026",2026-05-29,2026-06-23
trade-a-plane,Aviat Husky,2025,HUSKY A-1C,,,,,"Afton, WY",2025 AVIAT HUSKY A-1C,https://www.trade-a-plane.com/search?category_level1=Single+Engine+Piston&make=AVIAT&model=HUSKY+A-1C&listing_id=2444392&s-type=aircraft,https://dsgiipnwy1jd8.cloudfront.net/eyJlZGl0cyI6eyJyZXNpemUiOnsiZml0IjoiY29udGFpbiIsImJhY2tncm91bmQiOnsiYWxwaGEiOjEsImciOjI1NSwiciI6MjU1LCJiIjoyNTV9LCJ3aWR0aCI6NjgwfSwic21hcnRPdmVybGF5Ijp7ImJ1Y2tldCI6InRhcC1hc3NldHMxIiwia2V5Ijoid2F0ZXJtYXJrLnBuZyJ9fSwiYnVja2V0IjoidGFwLWFzc2V0czEiLCJrZXkiOiIxNDM3NTk5LmpwZyJ9,"2025 AVIAT HUSKY A-1C Call for Price Get Financing Reg# N20HU TT: Not Listed Performance Specs EXECUTIVE DEMO SALES EVENT! Take advantage of this exclusive opportunity to own a low-time, always hangared, meticulously maintained demo Husky in as-new c... More Info Aviat Aircraft Inc - Shawn Francis Afton , WY USA (580) 317-XXXX (click) Compare SAVE Last Update: 06/17/2026",2026-05-31,2026-06-23
trade-a-plane,Aviat Husky,2025,HUSKY A-1C,"$598,820",,,,"Middleton, WI",2025 AVIAT HUSKY A-1C,https://www.trade-a-plane.com/search?category_level1=Single+Engine+Piston&make=AVIAT&model=HUSKY+A-1C&listing_id=2447203&s-type=aircraft,https://dsgiipnwy1jd8.cloudfront.net/eyJidWNrZXQiOiJ0YXAtYXNzZXRzMSIsImVkaXRzIjp7InJlc2l6ZSI6eyJmaXQiOiJjb250YWluIiwid2lkdGgiOjY4MCwiYmFja2dyb3VuZCI6eyJnIjoyNTUsInIiOjI1NSwiYWxwaGEiOjEsImIiOjI1NX19LCJzbWFydE92ZXJsYXkiOnsiYnVja2V0IjoidGFwLWFzc2V0czEiLCJrZXkiOiJ3YXRlcm1hcmsucG5nIn19LCJrZXkiOiIxNDc5MTcwLmpwZyJ9,"2025 AVIAT HUSKY A-1C $598,820 Get Financing as low as $2,750.02 a month* Reg# N33SV TT: Not Listed Performance Specs 2025 Husky A-1C-200 with a striking patriotic paint scheme: Beartooth in Bright Rich Blue, Fire Engine Red and White. Garmin G500TXi Touch Screen PFD/MFD a... More Info Aviat Aircraft Inc - Annie Vogel Middleton , WI USA (289) 834-XXXX (click) Compare SAVE Last Update: 06/17/2026",2026-05-29,2026-06-23
trade-a-plane,Aviat Husky,2025,HUSKY A-1C,,,,,"Middleton, WI",2025 AVIAT HUSKY A-1C,https://www.trade-a-plane.com/search?category_level1=Single+Engine+Piston&make=AVIAT&model=HUSKY+A-1C&listing_id=2448832&s-type=aircraft,https://dsgiipnwy1jd8.cloudfront.net/eyJlZGl0cyI6eyJyZXNpemUiOnsiZml0IjoiY29udGFpbiIsIndpZHRoIjo2ODAsImJhY2tncm91bmQiOnsiYiI6MjU1LCJyIjoyNTUsImFscGhhIjoxLCJnIjoyNTV9fSwic21hcnRPdmVybGF5Ijp7ImJ1Y2tldCI6InRhcC1hc3NldHMxIiwia2V5Ijoid2F0ZXJtYXJrLnBuZyJ9fSwia2V5IjoiMTUwMzQzOS5qcGciLCJidWNrZXQiOiJ0YXAtYXNzZXRzMSJ9,"2025 AVIAT HUSKY A-1C Call for Price Get Financing Reg# N36SV TT: Not Listed Performance Specs 2025 Husky A-1C-200 Military Hopper Paint Scheme Matte Olive Drab - Garmin G500TXi Touch Screen PFD/MFD and Engine Information System, Garmin 750 Nav/Com G... More Info Aviat Aircraft Inc - Kevin Oaks Middleton , WI USA (407) 620-XXXX (click) Compare SAVE Last Update: 06/17/2026",2026-05-31,2026-06-23
trade-a-plane,Aviat Husky,2026,HUSKY A-1C,,,,,"Middleton, WI",2026 AVIAT HUSKY A-1C,https://www.trade-a-plane.com/search?category_level1=Single+Engine+Piston&make=AVIAT&model=HUSKY+A-1C&listing_id=2451781&s-type=aircraft,https://dsgiipnwy1jd8.cloudfront.net/eyJidWNrZXQiOiJ0YXAtYXNzZXRzMSIsImVkaXRzIjp7InNtYXJ0T3ZlcmxheSI6eyJidWNrZXQiOiJ0YXAtYXNzZXRzMSIsImtleSI6IndhdGVybWFyay5wbmcifSwicmVzaXplIjp7ImJhY2tncm91bmQiOnsiYiI6MjU1LCJhbHBoYSI6MSwiciI6MjU1LCJnIjoyNTV9LCJ3aWR0aCI6NjgwLCJmaXQiOiJjb250YWluIn19LCJrZXkiOiIxNTQ4NzM3LmpwZyJ9,"2026 AVIAT HUSKY A-1C Call for Price Get Financing Reg# N81HY TT: Not Listed Performance Specs 2026 Husky A-1C-200 with the Wingman Paint Scheme in Charcoal Gray and Peril Yellow. Garmin G500TXi Touch Screen PFD/MFD and Engine Information System, Gar... More Info Aviat Aircraft Inc - Joe McDonough Middleton , WI USA (608) 234-XXXX (click) Compare SAVE Last Update: 06/17/2026",2026-05-29,2026-06-23
trade-a-plane,Aviat Husky,2026,HUSKY A-1C,,,,,"Afton, WY",2026 AVIAT HUSKY A-1C,https://www.trade-a-plane.com/search?category_level1=Single+Engine+Piston&make=AVIAT&model=HUSKY+A-1C&listing_id=2452086&s-type=aircraft,https://dsgiipnwy1jd8.cloudfront.net/eyJrZXkiOiIxNTY0MTcyLmpwZyIsImVkaXRzIjp7InNtYXJ0T3ZlcmxheSI6eyJrZXkiOiJ3YXRlcm1hcmsucG5nIiwiYnVja2V0IjoidGFwLWFzc2V0czEifSwicmVzaXplIjp7ImJhY2tncm91bmQiOnsiYWxwaGEiOjEsInIiOjI1NSwiZyI6MjU1LCJiIjoyNTV9LCJ3aWR0aCI6NjgwLCJmaXQiOiJjb250YWluIn19LCJidWNrZXQiOiJ0YXAtYXNzZXRzMSJ9,"2026 AVIAT HUSKY A-1C Call for Price Get Financing Reg# N68HU TT: Not Listed Performance Specs 2026 Husky A-1C 180 with a stunning Beartooth Paint Scheme in Custom Green, Khaki, and Bright White with optional Shimmer Paint (think bass boat sparkle!).... More Info Aviat Aircraft Inc - Mike Goulian Afton , WY USA ‭(508) 591-0889‬ Compare SAVE Last Update: 06/17/2026",2026-06-17,2026-06-23
trade-a-plane,Aviat Husky,2026,HUSKY A-1C,,,,,"Morgan, UT",2026 AVIAT HUSKY A-1C,https://www.trade-a-plane.com/search?category_level1=Single+Engine+Piston&make=AVIAT&model=HUSKY+A-1C&listing_id=2456145&s-type=aircraft,https://dsgiipnwy1jd8.cloudfront.net/eyJlZGl0cyI6eyJzbWFydE92ZXJsYXkiOnsia2V5Ijoid2F0ZXJtYXJrLnBuZyIsImJ1Y2tldCI6InRhcC1hc3NldHMxIn0sInJlc2l6ZSI6eyJiYWNrZ3JvdW5kIjp7ImciOjI1NSwiYWxwaGEiOjEsInIiOjI1NSwiYiI6MjU1fSwiZml0IjoiY29udGFpbiIsIndpZHRoIjo2ODB9fSwiYnVja2V0IjoidGFwLWFzc2V0czEiLCJrZXkiOiIxNjEzNDcyLmpwZyJ9,"2026 AVIAT HUSKY A-1C Call for Price Get Financing Reg# N75HU TT: 2 Performance Specs Make a statement in this sporty 200 HP 2026 Husky A-1C with a bold lime green Birkmeyer Paint Scheme. Outfitted with McFarlane Alaska Lightweight Aluminum ... More Info Aviat Aircraft Inc - Jon Cannon Morgan , UT USA (801) 920-XXXX (click) Compare SAVE Last Update: 06/17/2026",2026-05-29,2026-06-23
trade-a-plane,Aviat Husky,2026,HUSKY A-1C,,,,,"Middleton, WI",2026 AVIAT HUSKY A-1C,https://www.trade-a-plane.com/search?category_level1=Single+Engine+Piston&make=AVIAT&model=HUSKY+A-1C&listing_id=2456992&s-type=aircraft,https://dsgiipnwy1jd8.cloudfront.net/eyJlZGl0cyI6eyJzbWFydE92ZXJsYXkiOnsia2V5Ijoid2F0ZXJtYXJrLnBuZyIsImJ1Y2tldCI6InRhcC1hc3NldHMxIn0sInJlc2l6ZSI6eyJ3aWR0aCI6NjgwLCJiYWNrZ3JvdW5kIjp7ImFscGhhIjoxLCJnIjoyNTUsInIiOjI1NSwiYiI6MjU1fSwiZml0IjoiY29udGFpbiJ9fSwiYnVja2V0IjoidGFwLWFzc2V0czEiLCJrZXkiOiIxNjI3MzcxLmpwZyJ9,"2026 AVIAT HUSKY A-1C Call for Price Get Financing Reg# N60AH TT: 1 Performance Specs Bold, capable, and unmistakably adventurous, this 2026 Husky A-1C-200 is built for pilots who see every horizon as an invitation. Finished in a striking re... More Info Aviat Aircraft Inc - Matt Hofeldt Middleton , WI USA (608) 332-XXXX (click) Compare SAVE Last Update: 06/17/2026",2026-06-05,2026-06-23
aircraftforsale,Maule,1993,Maule,"$129,000",,,,"Madisonville, Texas",1993 Maule MXT-7-180,https://aircraftforsale.com/aircraft/single-engine-piston/maule/mxt-7-180/77864-madisonville-texas-united-states/maule-mxt-7-180-for-sale-600622,https://cdn.aircraftforsale.com/production/uploads/item/600601-600700/aircraft-single-engine-piston-maule-mxt-7-180-for-sale-600622-b96befad3296db05-800X600-1.jpg,"Maule Mxt-7-180 For Sale, 3766 Hours | Aircraftforsale.com menu POST A LISTING Aircraft For Sale Sign up Login POST A LISTING Buy Aircraft Get Financing Dealers Aviation Real Estate Realtors Articles Home Buy Aircraft Get Financing Dealers Aviation Real Estate Realtors Articles Sign in or register! Home Aircraft Single-engine Piston Maule MXT-7-180 600622 - Maule MXT-7-180 1993 Maule MXT-7-180 For sale Save Share More print Print picture_as_pdf PDF For sale $129,000 visibility 100+ people viewed this listing in the last 24 hours photo 10 Pictures Est: $ /mo Apply for Financing Registration data Registration number N800CP Serial number 14058C Total time 3766 hours Aircraft listing type For sale Highlights 1993 Tricycle Gear Maule MXT-7-180 Cruise speeds IAS:  75% - 105Kts, Full Power - 115Kts This rugged 4 seat aircraft is perfect for someone wanting to get into backcountry flying while maintaining the simplicity of tricycle gear and a full IFR suite with autopilot. This aircraft has plenty of experience flying in and out of short fields with similar takeoff and landing ground rolls are around 500ft in here in Texas depending on conditions. This aircraft has been and is currently being used by a flight school primarily as an instrument trainer and a TAA aircraft for commercial training. Aircraft location Texas, United States Airframe 1993 Maule MXT-7-180 Has vortex generators installed on the tail and leading edge Avionics Garmin G500 Split PFD/MFD Garmin 430 GPS with WAAS uAv",2026-06-22,2026-06-23
controller,Maule,1994,Mx7-180B,,180 hp,"2,337 TT",260 SOH,"Adelaide, South Australia, Australia",1994 MAULE MX7-180B,https://www.controller.com/listing/for-sale/244192851/1994-maule-mx7-180b-piston-single-aircraft,https://media.sandhills.com/img.axd?id=9053559944&wid=4326165471&rwl=False&p=&ext=&w=350&h=220&t=&lp=&c=True&wt=False&sz=Max&rt=0&checksum=jfUkDE1R2jKuuyQEIkaOcExLBnUn2LEGIys1iavuDVE%3d,"1994 MAULE MX7-180B Piston Single Aircraft Options See All 9 Photos Call for price Operating Costs View Details Total Time : 2,337 Serial Number : X Registration # : x Engine 1 Time : 260 SOH Engine TBO : 2000 Description : 1994 Maule MX7-180B,  TTAF 2337 Hrs, ENG. & Prop 260 Hrs Since O/H. 
        King Digital Nav/VHF Com, Garmin GNC300 GPS, King KT74 Transponder, K... Updated : Wednesday, June 17, 2026 11:42 PM Location : Adelaide, South Australia, Australia Email Seller +61 412 334 955 Seller : Aircraft Sales Australia",2026-05-30,2026-06-23
controller,Maule,1997,Mxt7-180,"$125,647",180 hp,"1,500 TT",320 SMOH,"SchwabmÃ¼nchen, Bavaria, Germany",1997 MAULE MXT7-180,https://www.controller.com/listing/for-sale/257321739/1997-maule-mxt7-180-piston-single-aircraft,https://media.sandhills.com/img.axd?id=11028448643&wid=4326165471&rwl=False&p=&ext=&w=350&h=220&t=&lp=&c=True&wt=False&sz=Max&rt=0&checksum=dJd6ErsAr53vZMZSyKrEOPigF880MQByXPhx1tms6RQ%3d,"1997 MAULE MXT7-180 Piston Single Aircraft Options See All 12 Photos USD $125,647 Operating Costs View Details Total Time : 1,500 Serial Number : 21021C Registration # : D-EMUX FlightRules : VFR Engine 1 Time : 320 SMOH Year Interior : 1997 Description : History: Manufactured in 1997, this Maule MXT-7-180A was imported from the United States to Germany in 2004 with approximately 942 flight hours. Si... Updated : Wednesday, June 17, 2026 07:17 AM Location : SchwabmÃ¼nchen, Bavaria, Germany Email Seller +49 172 4214047 Seller : K-aircraft Jets & Props",2026-06-14,2026-06-23
controller,Maule,2004,Mxt7-180A,"$121,800",180 hp,"3,503 TT","1,588.4 SMOH","Englewood, Colorado",2004 MAULE MXT7-180A,https://www.controller.com/listing/for-sale/253591041/2004-maule-mxt7-180a-piston-single-aircraft,https://media.sandhills.com/img.axd?id=11007412594&wid=4326165471&rwl=False&p=&ext=&w=350&h=220&t=&lp=&c=True&wt=False&sz=Max&rt=0&checksum=DVECJ2Vknx%2bxwNAiRWNUAtFsKuKbCRa73HizjeRIe5Q%3d,"2004 MAULE MXT7-180A Piston Single Aircraft Options Featured Listing See All 13 Photos USD $121,800 Payments as low as USD $1,129.10 * *Apply for Financing Operating Costs View Details Total Time : 3,503.4 Serial Number : 210906 Registration # : N959SM Number of Seats : 4 Engine 1 Time : 1,588.4 SMOH Year Painted : 2004 Description : Always Hangared, with 2 Garmin G5 attitude indicators and directional gyro, replacing all vacuum system. Also has Garmin 275 with CDI and traffic. ... Updated : Monday, June 22, 2026 08:16 AM Location : Englewood, Colorado Email Seller (303) 946-6020 Seller : Chad Graves",2026-05-30,2026-06-23
trade-a-plane,Maule,1965,M-4-210,,210 hp,,,,1965 MAULE M-4-210 G,https://www.trade-a-plane.com/search?category_level1=Single+Engine+Piston&make=MAULE&model=M-4-210&listing_id=2422375&s-type=aircraft,https://dsgiipnwy1jd8.cloudfront.net/eyJlZGl0cyI6eyJyZXNpemUiOnsid2lkdGgiOjY4MCwiYmFja2dyb3VuZCI6eyJhbHBoYSI6MSwiYiI6MjU1LCJyIjoyNTUsImciOjI1NX0sImZpdCI6ImNvbnRhaW4ifSwic21hcnRPdmVybGF5Ijp7ImJ1Y2tldCI6InRhcC1hc3NldHMxIiwia2V5Ijoid2F0ZXJtYXJrLnBuZyJ9fSwiYnVja2V0IjoidGFwLWFzc2V0czEiLCJrZXkiOiIxMjUxNjk3LmpwZyJ9,1965 MAULE M-4-210 Get Financing Reg# N4621T TT: 2113 SOLD. This M-4-210 is ready for your next trip! More Info Maule Air Texas Inc CO USA (214) 384-XXXX (click) Compare SAVE Last Update: 11/21/2024,2026-05-31,2026-06-23
trade-a-plane,Maule,1972,M-4-220C,"$75,000",Franklin ENGINE 220 hp,,,"Falcon, CO","1972 MAULE M-4-220C $75,000 G",https://www.trade-a-plane.com/search?category_level1=Single+Engine+Piston&make=MAULE&model=M-4-220C&listing_id=2456556&s-type=aircraft,https://dsgiipnwy1jd8.cloudfront.net/eyJlZGl0cyI6eyJzbWFydE92ZXJsYXkiOnsia2V5Ijoid2F0ZXJtYXJrLnBuZyIsImJ1Y2tldCI6InRhcC1hc3NldHMxIn0sInJlc2l6ZSI6eyJiYWNrZ3JvdW5kIjp7ImFscGhhIjoxLCJyIjoyNTUsImciOjI1NSwiYiI6MjU1fSwiZml0IjoiY29udGFpbiIsIndpZHRoIjo2ODB9fSwiYnVja2V0IjoidGFwLWFzc2V0czEiLCJrZXkiOiIxNjIwMzM1LmpwZyJ9,"1972 MAULE M-4-220C $75,000 Get Financing as low as $503.81 a month* Reg# N56HB TT: 2611 Performance Specs With a powerful 220hp Franklin engine and exceptional STOL performance, this aircraft delivers the short-field prowess Maules are famous for, while offerin... More Info No-Spin Aircraft Sales Falcon , CO USA (719) 650-XXXX (click) Compare SAVE Last Update: 05/28/2026",2026-05-30,2026-06-23
trade-a-plane,Maule,1974,M-5-220C,,220 hp,,,,1974 MAULE M-5-220C G,https://www.trade-a-plane.com/search?category_level1=Single+Engine+Piston&make=MAULE&model=M-5-220C&listing_id=2447601&s-type=aircraft,https://dsgiipnwy1jd8.cloudfront.net/eyJrZXkiOiIxNTE2MDk4LmpwZyIsImVkaXRzIjp7InNtYXJ0T3ZlcmxheSI6eyJidWNrZXQiOiJ0YXAtYXNzZXRzMSIsImtleSI6IndhdGVybWFyay5wbmcifSwicmVzaXplIjp7ImZpdCI6ImNvbnRhaW4iLCJ3aWR0aCI6NjgwLCJiYWNrZ3JvdW5kIjp7InIiOjI1NSwiZyI6MjU1LCJiIjoyNTUsImFscGhhIjoxfX19LCJidWNrZXQiOiJ0YXAtYXNzZXRzMSJ9,1974 MAULE M-5-220C Get Financing Reg# N51626 TT: 2523 SOLD - 1974 Maule M-5-220C Lunar Rocket - STOL Conventional Gear Maule. This M-5-220C is ready for your next adventure!! More Info Maule Air Texas Inc CA USA (214) 384-XXXX (click) Compare SAVE Last Update: 10/29/2025,2026-05-31,2026-06-23
trade-a-plane,Maule,1975,M-5-210C,"$105,000",210 hp,,,"Bend, OR","1975 MAULE M-5-210C $105,000 G",https://www.trade-a-plane.com/search?category_level1=Single+Engine+Piston&make=MAULE&model=M-5-210C&listing_id=2447631&s-type=aircraft,https://dsgiipnwy1jd8.cloudfront.net/eyJidWNrZXQiOiJ0YXAtYXNzZXRzMSIsImVkaXRzIjp7InNtYXJ0T3ZlcmxheSI6eyJidWNrZXQiOiJ0YXAtYXNzZXRzMSIsImtleSI6IndhdGVybWFyay5wbmcifSwicmVzaXplIjp7ImJhY2tncm91bmQiOnsiYiI6MjU1LCJyIjoyNTUsImFscGhhIjoxLCJnIjoyNTV9LCJ3aWR0aCI6NjgwLCJmaXQiOiJjb250YWluIn19LCJrZXkiOiIxNTQ1OTQ5LmpwZyJ9,"1975 MAULE M-5-210C $105,000 Get Financing as low as $482.20 a month* Reg# N62040 TT: 2170 Fresh Annual Inspection: 05-26-2026

Maule M5 210-C ACTT: 2169.8
Engine: IO-360-D 210hp @ 2800rpm TTSN: 1082.9
Mccauley D2A34C67N PTSO: 1758.6
21.5gal... More Info Connor OBrien Bend , OR USA (503) 819-XXXX (click) Compare SAVE Last Update: 06/12/2026",2026-06-14,2026-06-23
trade-a-plane,Maule,1978,M-5-235C,"$219,500",235 hp,,,,"1978 MAULE M-5-235C $219,500 G",https://www.trade-a-plane.com/search?category_level1=Single+Engine+Piston&make=MAULE&model=M-5-235C&listing_id=2446092&s-type=aircraft,https://dsgiipnwy1jd8.cloudfront.net/eyJidWNrZXQiOiJ0YXAtYXNzZXRzMSIsImVkaXRzIjp7InNtYXJ0T3ZlcmxheSI6eyJidWNrZXQiOiJ0YXAtYXNzZXRzMSIsImtleSI6IndhdGVybWFyay5wbmcifSwicmVzaXplIjp7IndpZHRoIjo2ODAsImZpdCI6ImNvbnRhaW4iLCJiYWNrZ3JvdW5kIjp7InIiOjI1NSwiYWxwaGEiOjEsImciOjI1NSwiYiI6MjU1fX19LCJrZXkiOiIxNDYyMTQ5LmpwZyJ9,"1978 MAULE M-5-235C $219,500 Get Financing as low as $1,008.03 a month* Reg# N6225M TT: 1810 Performance Specs N6225M - 1978 Maule M-5-235C. This One-Off M-5 is a rare Rebuild!! More Info Maule Air Texas Inc AK USA (214) 384-XXXX (click) Compare SAVE Last Update: 06/08/2026",2026-05-30,2026-06-23
trade-a-plane,Maule,1978,M-5-235C,"$105,000",235 hp,,,"West Simsbury, CT","1978 MAULE M-5-235C $105,000 G",https://www.trade-a-plane.com/search?category_level1=Single+Engine+Piston&make=MAULE&model=M-5-235C&listing_id=2456978&s-type=aircraft,https://dsgiipnwy1jd8.cloudfront.net/eyJlZGl0cyI6eyJzbWFydE92ZXJsYXkiOnsiYnVja2V0IjoidGFwLWFzc2V0czEiLCJrZXkiOiJ3YXRlcm1hcmsucG5nIn0sInJlc2l6ZSI6eyJiYWNrZ3JvdW5kIjp7ImIiOjI1NSwiZyI6MjU1LCJyIjoyNTUsImFscGhhIjoxfSwid2lkdGgiOjY4MCwiZml0IjoiY29udGFpbiJ9fSwia2V5IjoiMTYyNzQwNy5qcGciLCJidWNrZXQiOiJ0YXAtYXNzZXRzMSJ9,"1978 MAULE M-5-235C $105,000 Get Financing as low as $482.20 a month* Reg# N5630N TT: 2389 Performance Specs Airplane has always been hangered and well cared for. Has STEC autopilot, ADS-B in-out, Stall indicator, new interior. More Info Robert Leve West Simsbury , CT USA Compare SAVE Last Update: 06/08/2026",2026-06-08,2026-06-23
trade-a-plane,Maule,1979,M-5-235C,"$84,900",235 hp,,,,"1979 MAULE M-5-235C $84,900 G",https://www.trade-a-plane.com/search?category_level1=Single+Engine+Piston&make=MAULE&model=M-5-235C&listing_id=2445572&s-type=aircraft,https://dsgiipnwy1jd8.cloudfront.net/eyJlZGl0cyI6eyJyZXNpemUiOnsiZml0IjoiY29udGFpbiIsIndpZHRoIjo2ODAsImJhY2tncm91bmQiOnsiYWxwaGEiOjEsImIiOjI1NSwiciI6MjU1LCJnIjoyNTV9fSwic21hcnRPdmVybGF5Ijp7ImtleSI6IndhdGVybWFyay5wbmciLCJidWNrZXQiOiJ0YXAtYXNzZXRzMSJ9fSwia2V5IjoiMTUyODg0My5qcGciLCJidWNrZXQiOiJ0YXAtYXNzZXRzMSJ9,"1979 MAULE M-5-235C $84,900 Get Financing as low as $570.31 a month* Reg# N5633Z TT: 1100 Performance Specs SOLD - 1979 Maule M-5-235C Lunar Rocket - Price just slashed $7.6K to $84.9K!! STOL Conventional Gear Maule. This M-5-235C is ready for your next adventure... More Info Maule Air Texas Inc IL USA (214) 384-XXXX (click) Compare SAVE Last Update: 01/14/2026",2026-05-31,2026-06-23
trade-a-plane,Maule,1980,M-5-235C,"$114,900",235 hp,,,,"1980 MAULE M-5-235C $114,900 G",https://www.trade-a-plane.com/search?category_level1=Single+Engine+Piston&make=MAULE&model=M-5-235C&listing_id=2427304&s-type=aircraft,https://dsgiipnwy1jd8.cloudfront.net/eyJlZGl0cyI6eyJzbWFydE92ZXJsYXkiOnsiYnVja2V0IjoidGFwLWFzc2V0czEiLCJrZXkiOiJ3YXRlcm1hcmsucG5nIn0sInJlc2l6ZSI6eyJiYWNrZ3JvdW5kIjp7ImIiOjI1NSwiZyI6MjU1LCJyIjoyNTUsImFscGhhIjoxfSwid2lkdGgiOjY4MCwiZml0IjoiY29udGFpbiJ9fSwia2V5IjoiMTIzMDY3MS5qcGciLCJidWNrZXQiOiJ0YXAtYXNzZXRzMSJ9,"1980 MAULE M-5-235C $114,900 Get Financing as low as $527.67 a month* Reg# N5637R TT: 1190 Performance Specs SOLD - 1980 Maule M-5-235C Lunar Rocket.  This beautiful M-5 Maule is ready for your next adventure! More Info Maule Air Texas Inc AK USA (214) 384-XXXX (click) Compare SAVE Last Update: 11/21/2024",2026-05-31,2026-06-23
trade-a-plane,Maule,1984,M-5-180C,,180 hp,,1310 TTSN,,1984 MAULE M-5-180C G,https://www.trade-a-plane.com/search?category_level1=Single+Engine+Piston&make=MAULE&model=M-5-180C&listing_id=2432103&s-type=aircraft,https://dsgiipnwy1jd8.cloudfront.net/eyJrZXkiOiIxMjg1MjQ0LmpwZyIsImVkaXRzIjp7InNtYXJ0T3ZlcmxheSI6eyJidWNrZXQiOiJ0YXAtYXNzZXRzMSIsImtleSI6IndhdGVybWFyay5wbmcifSwicmVzaXplIjp7ImZpdCI6ImNvbnRhaW4iLCJ3aWR0aCI6NjgwLCJiYWNrZ3JvdW5kIjp7ImFscGhhIjoxLCJiIjoyNTUsImciOjI1NSwiciI6MjU1fX19LCJidWNrZXQiOiJ0YXAtYXNzZXRzMSJ9,"1984 MAULE M-5-180C Get Financing Reg# N88RV TT: 1310 SOLD - 1984 Maule M-5-180C Tailwheel Maule N88RV. 1310 TTSN, IFR Capable, King KX-155 – Nav / Com (Two). This aircraft is in Very Good condition – Alwa... More Info Maule Air Texas Inc WA USA (214) 384-XXXX (click) Compare SAVE Last Update: 11/21/2024",2026-05-31,2026-06-23
trade-a-plane,Maule,1985,M-5-180C,"$75,000",180 hp,,,,"1985 MAULE M-5-180C $75,000 G",https://www.trade-a-plane.com/search?category_level1=Single+Engine+Piston&make=MAULE&model=M-5-180C&listing_id=2425434&s-type=aircraft,https://dsgiipnwy1jd8.cloudfront.net/eyJlZGl0cyI6eyJyZXNpemUiOnsid2lkdGgiOjY4MCwiYmFja2dyb3VuZCI6eyJhbHBoYSI6MSwiYiI6MjU1LCJnIjoyNTUsInIiOjI1NX0sImZpdCI6ImNvbnRhaW4ifSwic21hcnRPdmVybGF5Ijp7ImJ1Y2tldCI6InRhcC1hc3NldHMxIiwia2V5Ijoid2F0ZXJtYXJrLnBuZyJ9fSwia2V5IjoiMTE4ODk3Mi5qcGciLCJidWNrZXQiOiJ0YXAtYXNzZXRzMSJ9,"1985 MAULE M-5-180C $75,000 Get Financing as low as $503.81 a month* Reg# N5659N TT: 2884 SOLD - This M-5-180C has been rebuilt and is ready for your next trip! More Info Maule Air Texas Inc OK USA (214) 384-XXXX (click) Compare SAVE Last Update: 11/21/2024",2026-05-30,2026-06-23
trade-a-plane,Maule,1985,M-5-180C,"$109,999",180 hp,4500 TT,1100 SMOH,"Caldwell, ID","1985 MAULE M-5-180C $109,999 G",https://www.trade-a-plane.com/search?category_level1=Single+Engine+Piston&make=MAULE&model=M-5-180C&listing_id=2447391&s-type=aircraft,https://dsgiipnwy1jd8.cloudfront.net/eyJlZGl0cyI6eyJyZXNpemUiOnsiZml0IjoiY29udGFpbiIsIndpZHRoIjo2ODAsImJhY2tncm91bmQiOnsiYiI6MjU1LCJyIjoyNTUsImFscGhhIjoxLCJnIjoyNTV9fSwic21hcnRPdmVybGF5Ijp7ImtleSI6IndhdGVybWFyay5wbmciLCJidWNrZXQiOiJ0YXAtYXNzZXRzMSJ9fSwiYnVja2V0IjoidGFwLWFzc2V0czEiLCJrZXkiOiIxNDgyNDE3LmpwZyJ9,"1985 MAULE M-5-180C $109,999 Get Financing as low as $505.16 a month* Reg# N5659P TT: 4500 Huge price drop!
If you're looking for a beautiful 180hp Maule with an IFR panel I've got you covered!!
4500TT
1100 SMOH Engine (Eagle Engines, Redding ... More Info Joe Dory Aviation LLC Caldwell , ID USA (208) 484-XXXX (click) Compare SAVE Last Update: 12/23/2025",2026-05-30,2026-06-23
trade-a-plane,Maule,1986,MX-7-180,"$150,000",180 hp,5 SMOH,5 SMOH,"Washington, MI","1986 MAULE MX-7-180 $150,000 G",https://www.trade-a-plane.com/search?category_level1=Single+Engine+Piston&make=MAULE&model=MX-7-180&listing_id=2457076&s-type=aircraft,https://dsgiipnwy1jd8.cloudfront.net/eyJidWNrZXQiOiJ0YXAtYXNzZXRzMSIsImVkaXRzIjp7InJlc2l6ZSI6eyJiYWNrZ3JvdW5kIjp7ImIiOjI1NSwiYWxwaGEiOjEsInIiOjI1NSwiZyI6MjU1fSwid2lkdGgiOjY4MCwiZml0IjoiY29udGFpbiJ9LCJzbWFydE92ZXJsYXkiOnsiYnVja2V0IjoidGFwLWFzc2V0czEiLCJrZXkiOiJ3YXRlcm1hcmsucG5nIn19LCJrZXkiOiIxNjI4ODYyLmpwZyJ9,"1986 MAULE MX-7-180 $150,000 Get Financing as low as $688.86 a month* Reg# N773MC TT: 1191 Performance Specs 1986 Maule MX-7-180
1192 Total time
5      SMOH
5.      SPOH
Annual 3/2026
Recovered 2005 @ 644 TT More Info Kenneth Alexy Washington , MI USA Compare SAVE Last Update: 06/23/2026",2026-06-14,2026-06-23
trade-a-plane,Maule,1986,MX-7-235,"$132,500",235 hp,,,,"1986 MAULE MX-7-235 $132,500 G",https://www.trade-a-plane.com/search?category_level1=Single+Engine+Piston&make=MAULE&model=MX-7-235&listing_id=2432459&s-type=aircraft,https://dsgiipnwy1jd8.cloudfront.net/eyJlZGl0cyI6eyJyZXNpemUiOnsiYmFja2dyb3VuZCI6eyJiIjoyNTUsInIiOjI1NSwiYWxwaGEiOjEsImciOjI1NX0sImZpdCI6ImNvbnRhaW4iLCJ3aWR0aCI6NjgwfSwic21hcnRPdmVybGF5Ijp7ImJ1Y2tldCI6InRhcC1hc3NldHMxIiwia2V5Ijoid2F0ZXJtYXJrLnBuZyJ9fSwia2V5IjoiMTI5OTUyMi5qcGciLCJidWNrZXQiOiJ0YXAtYXNzZXRzMSJ9,"1986 MAULE MX-7-235 $132,500 Get Financing as low as $608.49 a month* Reg# N5667T TT: 1506 SOLD - Just reduced $6K to $ 132.5K!! 1986 Maule MX-7-235. This magnificent 235 Maule is ready for your next adventure! More Info Maule Air Texas Inc MN USA (214) 384-XXXX (click) Compare SAVE Last Update: 07/21/2025",2026-05-30,2026-06-23
trade-a-plane,Maule,1991,MX-7-180A,,180 hp,,,,1991 MAULE MX-7-180A G,https://www.trade-a-plane.com/search?category_level1=Single+Engine+Piston&make=MAULE&model=MX-7-180A&listing_id=2434908&s-type=aircraft,https://dsgiipnwy1jd8.cloudfront.net/eyJlZGl0cyI6eyJzbWFydE92ZXJsYXkiOnsia2V5Ijoid2F0ZXJtYXJrLnBuZyIsImJ1Y2tldCI6InRhcC1hc3NldHMxIn0sInJlc2l6ZSI6eyJiYWNrZ3JvdW5kIjp7ImFscGhhIjoxLCJiIjoyNTUsInIiOjI1NSwiZyI6MjU1fSwid2lkdGgiOjY4MCwiZml0IjoiY29udGFpbiJ9fSwia2V5IjoiMTM4MjgzOS5qcGciLCJidWNrZXQiOiJ0YXAtYXNzZXRzMSJ9,1991 MAULE MX-7-180A Get Financing Reg# N5839R TT: 730 Performance Specs SOLD - This magnificent MX-7-180A Maule is ready for your next adventure! More Info Maule Air Texas Inc ID USA (214) 384-XXXX (click) Compare SAVE Last Update: 03/04/2025,2026-05-31,2026-06-23
trade-a-plane,Maule,1993,MX-7-180B,"$180,000",180 hp,1388 SMOH,1388 SMOH,"Fall Creek, WI","1993 MAULE MX-7-180B $180,000 G",https://www.trade-a-plane.com/search?category_level1=Single+Engine+Piston&make=MAULE&model=MX-7-180B&listing_id=2454359&s-type=aircraft,https://dsgiipnwy1jd8.cloudfront.net/eyJrZXkiOiIxNTg1ODg1LmpwZyIsImVkaXRzIjp7InNtYXJ0T3ZlcmxheSI6eyJidWNrZXQiOiJ0YXAtYXNzZXRzMSIsImtleSI6IndhdGVybWFyay5wbmcifSwicmVzaXplIjp7ImZpdCI6ImNvbnRhaW4iLCJ3aWR0aCI6NjgwLCJiYWNrZ3JvdW5kIjp7ImIiOjI1NSwiciI6MjU1LCJhbHBoYSI6MSwiZyI6MjU1fX19LCJidWNrZXQiOiJ0YXAtYXNzZXRzMSJ9,"1993 MAULE MX-7-180B $180,000 Get Financing as low as $826.63 a month* Reg# N815kt TT: 1388 Performance Specs For sale due to declining health.  1993 MX7-180b  TTAF 1388 SMOH 62.6 date of OH Nov. 2023 by Aerotec with new cam & starter. Prop 62.6 SMOH . In Dec. 2015... More Info Kenneth Frase Fall Creek , WI USA (715) 559-XXXX (click) Compare SAVE Last Update: 04/28/2026",2026-05-30,2026-06-23
trade-a-plane,Maule,1994,MX-7-180,,180 hp,,,,1994 MAULE MX-7-180 G,https://www.trade-a-plane.com/search?category_level1=Single+Engine+Piston&make=MAULE&model=MX-7-180&listing_id=2444058&s-type=aircraft,https://dsgiipnwy1jd8.cloudfront.net/eyJidWNrZXQiOiJ0YXAtYXNzZXRzMSIsImVkaXRzIjp7InNtYXJ0T3ZlcmxheSI6eyJrZXkiOiJ3YXRlcm1hcmsucG5nIiwiYnVja2V0IjoidGFwLWFzc2V0czEifSwicmVzaXplIjp7IndpZHRoIjo2ODAsImJhY2tncm91bmQiOnsiYWxwaGEiOjEsImIiOjI1NSwiZyI6MjU1LCJyIjoyNTV9LCJmaXQiOiJjb250YWluIn19LCJrZXkiOiIxNDcwMDQ1LmpwZyJ9,1994 MAULE MX-7-180 Get Financing Reg# N30592 TT: 647 Performance Specs SOLD - N30592. This magnificent and rare Maule MX-7-180 is ready for your next Cross-Country Trip / STOL adventure…park it in less than 500’! More Info Maule Air Texas Inc OH USA (214) 384-XXXX (click) Compare SAVE Last Update: 08/11/2025,2026-05-31,2026-06-23
trade-a-plane,Maule,1994,MX-7-180A,,180 hp,,,,1994 MAULE MX-7-180A G,https://www.trade-a-plane.com/search?category_level1=Single+Engine+Piston&make=MAULE&model=MX-7-180A&listing_id=2416077&s-type=aircraft,https://dsgiipnwy1jd8.cloudfront.net/eyJrZXkiOiIxMjAzNzkyLmpwZyIsImVkaXRzIjp7InJlc2l6ZSI6eyJiYWNrZ3JvdW5kIjp7ImFscGhhIjoxLCJyIjoyNTUsImciOjI1NSwiYiI6MjU1fSwid2lkdGgiOjY4MCwiZml0IjoiY29udGFpbiJ9LCJzbWFydE92ZXJsYXkiOnsia2V5Ijoid2F0ZXJtYXJrLnBuZyIsImJ1Y2tldCI6InRhcC1hc3NldHMxIn19LCJidWNrZXQiOiJ0YXAtYXNzZXRzMSJ9,"1994 MAULE MX-7-180A Get Financing Reg# N642AZ TT: 830 Performance Specs SOLD - 1994 Maule MX-7-180A, No Damage History, Complete Log Books, Always Hangared.  This is the Maule MX-7-180 you have been looking for! More Info Maule Air Texas Inc NM USA (214) 384-XXXX (click) Compare SAVE Last Update: 11/21/2024",2026-05-31,2026-06-23
trade-a-plane,Maule,1995,MT-7-235,,235 hp,,,,1995 MAULE MT-7-235 G,https://www.trade-a-plane.com/search?category_level1=Single+Engine+Piston&make=MAULE&model=MT-7-235&listing_id=2440256&s-type=aircraft,https://dsgiipnwy1jd8.cloudfront.net/eyJidWNrZXQiOiJ0YXAtYXNzZXRzMSIsImVkaXRzIjp7InNtYXJ0T3ZlcmxheSI6eyJidWNrZXQiOiJ0YXAtYXNzZXRzMSIsImtleSI6IndhdGVybWFyay5wbmcifSwicmVzaXplIjp7IndpZHRoIjo2ODAsImJhY2tncm91bmQiOnsiYWxwaGEiOjEsInIiOjI1NSwiZyI6MjU1LCJiIjoyNTV9LCJmaXQiOiJjb250YWluIn19LCJrZXkiOiIxNTMyMTg5LmpwZyJ9,"1995 MAULE MT-7-235 Get Financing Reg# N714HJ TT: 2151 Performance Specs SOLD - 1995 Maule MT-7-235 Super Rocket, completely rebuilt in 2021…No Damage History, Complete Log Books, Always Hangared! Don’t miss this one! This m... More Info Maule Air Texas Inc WA USA (214) 384-XXXX (click) Compare SAVE Last Update: 11/26/2025",2026-05-31,2026-06-23
trade-a-plane,Maule,1995,MXT-7-180A,"$95,500",180 hp,,,,"1995 MAULE MXT-7-180A $95,500 G",https://www.trade-a-plane.com/search?category_level1=Single+Engine+Piston&make=MAULE&model=MXT-7-180A&listing_id=2420073&s-type=aircraft,https://dsgiipnwy1jd8.cloudfront.net/eyJlZGl0cyI6eyJzbWFydE92ZXJsYXkiOnsiYnVja2V0IjoidGFwLWFzc2V0czEiLCJrZXkiOiJ3YXRlcm1hcmsucG5nIn0sInJlc2l6ZSI6eyJmaXQiOiJjb250YWluIiwid2lkdGgiOjY4MCwiYmFja2dyb3VuZCI6eyJiIjoyNTUsImciOjI1NSwiYWxwaGEiOjEsInIiOjI1NX19fSwia2V5IjoiMTE2NTk5NS5qcGciLCJidWNrZXQiOiJ0YXAtYXNzZXRzMSJ9,"1995 MAULE MXT-7-180A $95,500 Get Financing as low as $641.51 a month* Reg# N1049Z TT: 1385 SOLD - 1995 Maule MXT-7-180A Tri-Gear Maule. This well maintained 1991 MXT-7-180 is ready for your next outing!  Sells with a fresh August 2023 Annual Insp... More Info Maule Air Texas Inc CT USA (214) 384-XXXX (click) Compare SAVE Last Update: 11/21/2024",2026-05-30,2026-06-23
trade-a-plane,Maule,1996,M-7-235B,,235 hp,,,,1996 MAULE M-7-235B G,https://www.trade-a-plane.com/search?category_level1=Single+Engine+Piston&make=MAULE&model=M-7-235B&listing_id=2455196&s-type=aircraft,https://dsgiipnwy1jd8.cloudfront.net/eyJrZXkiOiIxNjMyODQ0LmpwZyIsImVkaXRzIjp7InJlc2l6ZSI6eyJmaXQiOiJjb250YWluIiwiYmFja2dyb3VuZCI6eyJhbHBoYSI6MSwiciI6MjU1LCJnIjoyNTUsImIiOjI1NX0sIndpZHRoIjo2ODB9LCJzbWFydE92ZXJsYXkiOnsiYnVja2V0IjoidGFwLWFzc2V0czEiLCJrZXkiOiJ3YXRlcm1hcmsucG5nIn19LCJidWNrZXQiOiJ0YXAtYXNzZXRzMSJ9,"1996 MAULE M-7-235B Get Financing Reg# N1008W TT: 1417 Performance Specs SOLD - 1996 Maule M-7-235B, No Damage History, Complete Log Books, Always Hangared. This is the Maule M-7-235B is the one you have been looking for! More Info Maule Air Texas Inc WY USA (214) 384-XXXX (click) Compare SAVE Last Update: 06/16/2026",2026-05-30,2026-06-23
trade-a-plane,Maule,1996,MXT-7-180,,180 hp,,,,1996 MAULE MXT-7-180 G,https://www.trade-a-plane.com/search?category_level1=Single+Engine+Piston&make=MAULE&model=MXT-7-180&listing_id=2455383&s-type=aircraft,https://dsgiipnwy1jd8.cloudfront.net/eyJlZGl0cyI6eyJyZXNpemUiOnsiZml0IjoiY29udGFpbiIsImJhY2tncm91bmQiOnsiZyI6MjU1LCJyIjoyNTUsImIiOjI1NSwiYWxwaGEiOjF9LCJ3aWR0aCI6NjgwfSwic21hcnRPdmVybGF5Ijp7ImJ1Y2tldCI6InRhcC1hc3NldHMxIiwia2V5Ijoid2F0ZXJtYXJrLnBuZyJ9fSwia2V5IjoiMTYyNjQwNC5qcGciLCJidWNrZXQiOiJ0YXAtYXNzZXRzMSJ9,1996 MAULE MXT-7-180 Get Financing Reg# N1040R TT: 1592 Performance Specs SOLD - 1996 Maule MXT-7-180 Comet - Tri Gear Maule. This magnificent Maule MXT-7-180 is ready for your next trip!! More Info Maule Air Texas Inc VA USA (214) 384-XXXX (click) Compare SAVE Last Update: 06/03/2026,2026-05-30,2026-06-23
trade-a-plane,Maule,1998,MXT-7-180A,,180 hp,,,,1998 MAULE MXT-7-180A G,https://www.trade-a-plane.com/search?category_level1=Single+Engine+Piston&make=MAULE&model=MXT-7-180A&listing_id=2451683&s-type=aircraft,https://dsgiipnwy1jd8.cloudfront.net/eyJlZGl0cyI6eyJzbWFydE92ZXJsYXkiOnsiYnVja2V0IjoidGFwLWFzc2V0czEiLCJrZXkiOiJ3YXRlcm1hcmsucG5nIn0sInJlc2l6ZSI6eyJ3aWR0aCI6NjgwLCJiYWNrZ3JvdW5kIjp7ImIiOjI1NSwiZyI6MjU1LCJyIjoyNTUsImFscGhhIjoxfSwiZml0IjoiY29udGFpbiJ9fSwia2V5IjoiMTU2NzY1Mi5qcGciLCJidWNrZXQiOiJ0YXAtYXNzZXRzMSJ9,1998 MAULE MXT-7-180A Get Financing Reg# N1051S TT: 875 SOLD - N1051S - 1998 Maule MXT-7-180A Comet. This Tri-Gear Maule MXT-7-180A is ready for your next trip or a get-away to the country! More Info Maule Air Texas Inc PA USA (214) 384-XXXX (click) Compare SAVE Last Update: 02/18/2026,2026-05-31,2026-06-23
trade-a-plane,Maule,1999,M-7-235C,"$249,000",Lycoming IO-5 235 hp,,,"Pitt Meadows, BC","1999 MAULE M-7-235C $249,000 G",https://www.trade-a-plane.com/search?category_level1=Single+Engine+Piston&make=MAULE&model=M-7-235C&listing_id=2452820&s-type=aircraft,https://dsgiipnwy1jd8.cloudfront.net/eyJlZGl0cyI6eyJzbWFydE92ZXJsYXkiOnsiYnVja2V0IjoidGFwLWFzc2V0czEiLCJrZXkiOiJ3YXRlcm1hcmsucG5nIn0sInJlc2l6ZSI6eyJ3aWR0aCI6NjgwLCJmaXQiOiJjb250YWluIiwiYmFja2dyb3VuZCI6eyJiIjoyNTUsImciOjI1NSwiYWxwaGEiOjEsInIiOjI1NX19fSwiYnVja2V0IjoidGFwLWFzc2V0czEiLCJrZXkiOiIxNTYyODI2LmpwZyJ9,"1999 MAULE M-7-235C $249,000 Get Financing as low as $1,143.51 a month* Reg# C-FCDM TT: 1252 Performance Specs The Maule M-7-235C is widely regarded as one of the most capable ""do-everything"" utility aircraft in its class. With its 235-hp fuel-injected Lycoming IO-5... More Info Red Beacon Aeronautical Inc. Pitt Meadows , BC CAN (226) 927-XXXX (click) (581) 306-XXXX (click) Compare SAVE Last Update: 02/10/2026",2026-05-30,2026-06-23
trade-a-plane,Maule,1999,M-7-235C,"$238,500",235 hp,,,,"1999 MAULE M-7-235C $238,500 G",https://www.trade-a-plane.com/search?category_level1=Single+Engine+Piston&make=MAULE&model=M-7-235C&listing_id=2456997&s-type=aircraft,https://dsgiipnwy1jd8.cloudfront.net/eyJlZGl0cyI6eyJzbWFydE92ZXJsYXkiOnsiYnVja2V0IjoidGFwLWFzc2V0czEiLCJrZXkiOiJ3YXRlcm1hcmsucG5nIn0sInJlc2l6ZSI6eyJiYWNrZ3JvdW5kIjp7ImciOjI1NSwiciI6MjU1LCJhbHBoYSI6MSwiYiI6MjU1fSwid2lkdGgiOjY4MCwiZml0IjoiY29udGFpbiJ9fSwiYnVja2V0IjoidGFwLWFzc2V0czEiLCJrZXkiOiIxNjI3NDE3LmpwZyJ9,"1999 MAULE M-7-235C $238,500 Get Financing as low as $1,095.29 a month* Reg# N913B TT: 1948 Performance Specs 1999 Maule M-7-235C, Complete Log Books, Always Hangared. This low time Maule M-7-235C is the one you’ve been looking for! More Info Maule Air Texas Inc WI USA (214) 384-XXXX (click) Compare SAVE Last Update: 06/05/2026",2026-06-05,2026-06-23
trade-a-plane,Maule,2000,M-7-235C,"$221,000",235 hp,730 hrs,,"Brownsville, TX","2000 MAULE M-7-235C $221,000 G",https://www.trade-a-plane.com/search?category_level1=Single+Engine+Piston&make=MAULE&model=M-7-235C&listing_id=2446957&s-type=aircraft,https://dsgiipnwy1jd8.cloudfront.net/eyJlZGl0cyI6eyJyZXNpemUiOnsiYmFja2dyb3VuZCI6eyJnIjoyNTUsInIiOjI1NSwiYWxwaGEiOjEsImIiOjI1NX0sIndpZHRoIjo2ODAsImZpdCI6ImNvbnRhaW4ifSwic21hcnRPdmVybGF5Ijp7ImJ1Y2tldCI6InRhcC1hc3NldHMxIiwia2V5Ijoid2F0ZXJtYXJrLnBuZyJ9fSwia2V5IjoiMTQ3NTI3Ny5qcGciLCJidWNrZXQiOiJ0YXAtYXNzZXRzMSJ9,"2000 MAULE M-7-235C $221,000 Get Financing as low as $1,014.92 a month* Reg# N287MC TT: 730 Performance Specs Very clean, very low time Maule with only 730 hrs TTSN.  Meticulously maintained since new by good shops.  Only three owners since new and is fresh out of ... More Info Clyde Kornegay Brownsville , TX USA (956) 202-XXXX (click) Compare SAVE Last Update: 05/21/2026",2026-05-30,2026-06-23
trade-a-plane,Maule,2000,M-7-260C,,260 hp,,,,2000 MAULE M-7-260C G,https://www.trade-a-plane.com/search?category_level1=Single+Engine+Piston&make=MAULE&model=M-7-260C&listing_id=2449697&s-type=aircraft,https://dsgiipnwy1jd8.cloudfront.net/eyJrZXkiOiIxNjE2ODc5LmpwZyIsImVkaXRzIjp7InJlc2l6ZSI6eyJ3aWR0aCI6NjgwLCJiYWNrZ3JvdW5kIjp7InIiOjI1NSwiZyI6MjU1LCJiIjoyNTUsImFscGhhIjoxfSwiZml0IjoiY29udGFpbiJ9LCJzbWFydE92ZXJsYXkiOnsiYnVja2V0IjoidGFwLWFzc2V0czEiLCJrZXkiOiJ3YXRlcm1hcmsucG5nIn19LCJidWNrZXQiOiJ0YXAtYXNzZXRzMSJ9,"2000 MAULE M-7-260C Get Financing Reg# N261MM TT: 1420 Performance Specs SOLD - N261MM - 2000 Maule M-7-260C, No Damage History, Complete Log Books, Always Hangared. This is the Maule M-7-260C you have been looking for! More Info Maule Air Texas Inc CA USA (214) 384-XXXX (click) Compare SAVE Last Update: 05/19/2026",2026-05-31,2026-06-23
trade-a-plane,Maule,2000,M-7-260C,"$330,000",260 hp,500 hours,,"Land O' Lakes, WI","2000 MAULE M-7-260C $330,000 G",https://www.trade-a-plane.com/search?category_level1=Single+Engine+Piston&make=MAULE&model=M-7-260C&listing_id=2457211&s-type=aircraft,https://dsgiipnwy1jd8.cloudfront.net/eyJlZGl0cyI6eyJzbWFydE92ZXJsYXkiOnsiYnVja2V0IjoidGFwLWFzc2V0czEiLCJrZXkiOiJ3YXRlcm1hcmsucG5nIn0sInJlc2l6ZSI6eyJiYWNrZ3JvdW5kIjp7ImIiOjI1NSwiYWxwaGEiOjEsInIiOjI1NSwiZyI6MjU1fSwid2lkdGgiOjY4MCwiZml0IjoiY29udGFpbiJ9fSwiYnVja2V0IjoidGFwLWFzc2V0czEiLCJrZXkiOiIxNjMwNzQ2LmpwZyJ9,"2000 MAULE M-7-260C $330,000 Get Financing as low as $1,515.49 a month* Reg# N927GS TT: 470 Performance Specs Midwest operated M7, 260 HP, less than 500 hours since new, no major damage history, original tailwheel landplane gear included, operated in IL/WI SNEW, Wi... More Info Elevated Aircraft Sales Land O' Lakes , WI USA (651) 402-XXXX (click) Compare SAVE Last Update: 06/22/2026",2026-06-14,2026-06-23
trade-a-plane,Maule,2000,MXT-7-180B,"$172,000",180 hp,212 hours,,"Nashua, NH","2000 MAULE MXT-7-180B $172,000 G",https://www.trade-a-plane.com/search?category_level1=Single+Engine+Piston&make=MAULE&model=MXT-7-180B&listing_id=2456215&s-type=aircraft,https://dsgiipnwy1jd8.cloudfront.net/eyJlZGl0cyI6eyJyZXNpemUiOnsiZml0IjoiY29udGFpbiIsIndpZHRoIjo2ODAsImJhY2tncm91bmQiOnsiYiI6MjU1LCJnIjoyNTUsImFscGhhIjoxLCJyIjoyNTV9fSwic21hcnRPdmVybGF5Ijp7ImJ1Y2tldCI6InRhcC1hc3NldHMxIiwia2V5Ijoid2F0ZXJtYXJrLnBuZyJ9fSwiYnVja2V0IjoidGFwLWFzc2V0czEiLCJrZXkiOiIxNjE0ODQxLmpwZyJ9,"2000 MAULE MXT-7-180B $172,000 Get Financing as low as $789.89 a month* Reg# N89TP TT: 1060 Like new Maule, MXT-7-180C, tri-gear with constant speed propeller. Only 212 hours since major overhaul with new cylinders and 1060 hours total time! Aircr... More Info Leland Aero Service, LLC Nashua , NH USA (603) 882-XXXX (click) (978) 808-XXXX (click) Compare SAVE Last Update: 06/09/2026",2026-05-30,2026-06-23
trade-a-plane,Maule,2001,M-7-260C,"$186,500",260 hp,,,,"2001 MAULE M-7-260C $186,500 G",https://www.trade-a-plane.com/search?category_level1=Single+Engine+Piston&make=MAULE&model=M-7-260C&listing_id=2426032&s-type=aircraft,https://dsgiipnwy1jd8.cloudfront.net/eyJrZXkiOiIxMzUwOTg4LmpwZyIsImVkaXRzIjp7InNtYXJ0T3ZlcmxheSI6eyJidWNrZXQiOiJ0YXAtYXNzZXRzMSIsImtleSI6IndhdGVybWFyay5wbmcifSwicmVzaXplIjp7ImJhY2tncm91bmQiOnsiYWxwaGEiOjEsInIiOjI1NSwiZyI6MjU1LCJiIjoyNTV9LCJ3aWR0aCI6NjgwLCJmaXQiOiJjb250YWluIn19LCJidWNrZXQiOiJ0YXAtYXNzZXRzMSJ9,"2001 MAULE M-7-260C $186,500 Get Financing as low as $856.48 a month* Reg# N721H TT: 1241 Performance Specs SOLD - This beautiful 260 Maule is ready for your next adventure! More Info Maule Air Texas Inc TX USA (214) 384-XXXX (click) Compare SAVE Last Update: 12/23/2024",2026-05-30,2026-06-23
trade-a-plane,Maule,2001,MT-7-235,,235 hp,,,,2001 MAULE MT-7-235 G,https://www.trade-a-plane.com/search?category_level1=Single+Engine+Piston&make=MAULE&model=MT-7-235&listing_id=2437548&s-type=aircraft,https://dsgiipnwy1jd8.cloudfront.net/eyJrZXkiOiIxNDYzNzUxLmpwZyIsImVkaXRzIjp7InNtYXJ0T3ZlcmxheSI6eyJrZXkiOiJ3YXRlcm1hcmsucG5nIiwiYnVja2V0IjoidGFwLWFzc2V0czEifSwicmVzaXplIjp7ImJhY2tncm91bmQiOnsiYWxwaGEiOjEsImIiOjI1NSwiciI6MjU1LCJnIjoyNTV9LCJ3aWR0aCI6NjgwLCJmaXQiOiJjb250YWluIn19LCJidWNrZXQiOiJ0YXAtYXNzZXRzMSJ9,"2001 MAULE MT-7-235 Get Financing Reg# N348BP TT: 896 Performance Specs SOLD - 2001 Maule MT-7-235 Super Rocket, Three Owners since New, Complete Log Books, Always Hangared. This magnificent Maule MT-7-235 is ready for your nex... More Info Maule Air Texas Inc AL USA (214) 384-XXXX (click) Compare SAVE Last Update: 07/30/2025",2026-05-31,2026-06-23
trade-a-plane,Maule,2001,MT-7-260,"$315,500",260 hp,,,,"2001 MAULE MT-7-260 $315,500 G",https://www.trade-a-plane.com/search?category_level1=Single+Engine+Piston&make=MAULE&model=MT-7-260&listing_id=2456799&s-type=aircraft,https://dsgiipnwy1jd8.cloudfront.net/eyJrZXkiOiIxNjI0NjMwLmpwZyIsImVkaXRzIjp7InJlc2l6ZSI6eyJiYWNrZ3JvdW5kIjp7ImFscGhhIjoxLCJyIjoyNTUsImciOjI1NSwiYiI6MjU1fSwid2lkdGgiOjY4MCwiZml0IjoiY29udGFpbiJ9LCJzbWFydE92ZXJsYXkiOnsiYnVja2V0IjoidGFwLWFzc2V0czEiLCJrZXkiOiJ3YXRlcm1hcmsucG5nIn19LCJidWNrZXQiOiJ0YXAtYXNzZXRzMSJ9,"2001 MAULE MT-7-260 $315,500 Get Financing as low as $1,448.90 a month* Reg# N20RD TT: 701 Performance Specs 2001 Maule MT-7-260, No Damage History, Complete Log Books, Always Hangared. This is the Maule MT-7-260 you have been looking for! More Info Maule Air Texas Inc AZ USA (214) 384-XXXX (click) Compare SAVE Last Update: 06/23/2026",2026-06-02,2026-06-23
trade-a-plane,Maule,2001,MT-7-260,"$340,000",260 hp,45 HR,,"Charlevoix, MI","2001 MAULE MT-7-260 $340,000 G",https://www.trade-a-plane.com/search?category_level1=Single+Engine+Piston&make=MAULE&model=MT-7-260&listing_id=2456832&s-type=aircraft,https://dsgiipnwy1jd8.cloudfront.net/eyJrZXkiOiIxNjI1MTAzLmpwZyIsImVkaXRzIjp7InJlc2l6ZSI6eyJmaXQiOiJjb250YWluIiwid2lkdGgiOjY4MCwiYmFja2dyb3VuZCI6eyJiIjoyNTUsInIiOjI1NSwiYWxwaGEiOjEsImciOjI1NX19LCJzbWFydE92ZXJsYXkiOnsiYnVja2V0IjoidGFwLWFzc2V0czEiLCJrZXkiOiJ3YXRlcm1hcmsucG5nIn19LCJidWNrZXQiOiJ0YXAtYXNzZXRzMSJ9,"2001 MAULE MT-7-260 $340,000 Get Financing as low as $1,561.42 a month* Reg# N45HR TT: 915 Performance Specs Highly maintained low time M7, 260 HP w/ only 240 hours since factory REMAN, no damage SNEW, Wipline 3000's installed in 2011 with 500 hrs TT, excellent co... More Info Elevated Aircraft Sales Charlevoix , MI USA (651) 402-XXXX (click) Compare SAVE Last Update: 06/02/2026",2026-06-02,2026-06-23
trade-a-plane,Maule,2002,M-7-235B,"$185,000",235 hp,,,,"2002 MAULE M-7-235B $185,000 G",https://www.trade-a-plane.com/search?category_level1=Single+Engine+Piston&make=MAULE&model=M-7-235B&listing_id=2447607&s-type=aircraft,https://dsgiipnwy1jd8.cloudfront.net/eyJidWNrZXQiOiJ0YXAtYXNzZXRzMSIsImVkaXRzIjp7InNtYXJ0T3ZlcmxheSI6eyJidWNrZXQiOiJ0YXAtYXNzZXRzMSIsImtleSI6IndhdGVybWFyay5wbmcifSwicmVzaXplIjp7ImJhY2tncm91bmQiOnsiYiI6MjU1LCJnIjoyNTUsImFscGhhIjoxLCJyIjoyNTV9LCJmaXQiOiJjb250YWluIiwid2lkdGgiOjY4MH19LCJrZXkiOiIxNDg1Mjc5LmpwZyJ9,"2002 MAULE M-7-235B $185,000 Get Financing as low as $849.59 a month* Reg# N5511A TT: 2300 Performance Specs 2002 Maule M-7-235B, Conventional Gear, IFR. This beautiful 235 B Model Maule is the ultimate airplane for flying the Bush in any environment! More Info Maule Air Texas Inc CA USA (214) 384-XXXX (click) Compare SAVE Last Update: 04/24/2026",2026-05-30,2026-06-23
trade-a-plane,Maule,2002,MT-7-260,"$230,500",260 hp,,,,"2002 MAULE MT-7-260 $230,500 G",https://www.trade-a-plane.com/search?category_level1=Single+Engine+Piston&make=MAULE&model=MT-7-260&listing_id=2431556&s-type=aircraft,https://dsgiipnwy1jd8.cloudfront.net/eyJrZXkiOiIxNDA5MzE1LmpwZyIsImVkaXRzIjp7InNtYXJ0T3ZlcmxheSI6eyJidWNrZXQiOiJ0YXAtYXNzZXRzMSIsImtleSI6IndhdGVybWFyay5wbmcifSwicmVzaXplIjp7ImZpdCI6ImNvbnRhaW4iLCJ3aWR0aCI6NjgwLCJiYWNrZ3JvdW5kIjp7ImIiOjI1NSwiZyI6MjU1LCJhbHBoYSI6MSwiciI6MjU1fX19LCJidWNrZXQiOiJ0YXAtYXNzZXRzMSJ9,"2002 MAULE MT-7-260 $230,500 Get Financing as low as $1,058.55 a month* Reg# N142CP TT: 1048 Performance Specs SOLD - N142CP, This well-maintained Maule 260 Super Rocket is ADS-B Compliant and ready for your next Cross-Country Trip / STOL adventure…park it in less... More Info Maule Air Texas Inc OH USA (214) 384-XXXX (click) Compare SAVE Last Update: 04/23/2025",2026-05-30,2026-06-23
trade-a-plane,Maule,2004,M-7-235C,"$225,500",235 hp,,,,"2004 MAULE M-7-235C $225,500 G",https://www.trade-a-plane.com/search?category_level1=Single+Engine+Piston&make=MAULE&model=M-7-235C&listing_id=2454161&s-type=aircraft,https://dsgiipnwy1jd8.cloudfront.net/eyJlZGl0cyI6eyJyZXNpemUiOnsid2lkdGgiOjY4MCwiZml0IjoiY29udGFpbiIsImJhY2tncm91bmQiOnsiYiI6MjU1LCJnIjoyNTUsInIiOjI1NSwiYWxwaGEiOjF9fSwic21hcnRPdmVybGF5Ijp7ImtleSI6IndhdGVybWFyay5wbmciLCJidWNrZXQiOiJ0YXAtYXNzZXRzMSJ9fSwia2V5IjoiMTU4Mzg3Mi5qcGciLCJidWNrZXQiOiJ0YXAtYXNzZXRzMSJ9,"2004 MAULE M-7-235C $225,500 Get Financing as low as $1,035.59 a month* Reg# N899Z TT: 1611 Performance Specs 2004 Maule M-7-235C, Complete Log Books, Always Hangared. This is the Maule M-7-225C you have been looking for! More Info Maule Air Texas Inc AR USA (214) 384-XXXX (click) Compare SAVE Last Update: 03/24/2026",2026-05-30,2026-06-23
trade-a-plane,Maule,2004,M-7-260C,"$330,000",260 hp,,,,"2004 MAULE M-7-260C $330,000 G",https://www.trade-a-plane.com/search?category_level1=Single+Engine+Piston&make=MAULE&model=M-7-260C&listing_id=2428277&s-type=aircraft,https://dsgiipnwy1jd8.cloudfront.net/eyJlZGl0cyI6eyJyZXNpemUiOnsiYmFja2dyb3VuZCI6eyJiIjoyNTUsImciOjI1NSwiciI6MjU1LCJhbHBoYSI6MX0sImZpdCI6ImNvbnRhaW4iLCJ3aWR0aCI6NjgwfSwic21hcnRPdmVybGF5Ijp7ImJ1Y2tldCI6InRhcC1hc3NldHMxIiwia2V5Ijoid2F0ZXJtYXJrLnBuZyJ9fSwia2V5IjoiMTU3MTI3Mi5qcGciLCJidWNrZXQiOiJ0YXAtYXNzZXRzMSJ9,"2004 MAULE M-7-260C $330,000 Get Financing as low as $1,515.49 a month* Reg# N5519V TT: 1100 Performance Specs 2004 Maule M-7-260C - Super Rocket, Complete Logbooks, Always Hangared, No Damage History, Low Hours, Excellent Condition! VG's, 29"" Alaskan Bushwheels, & ... More Info Maule Air Texas Inc WY USA (214) 384-XXXX (click) Compare SAVE Last Update: 05/22/2026",2026-05-30,2026-06-23
trade-a-plane,Maule,2006,M-4-180V,"$120,000",180 hp,,,"El Cajon, CA","2006 MAULE M-4-180V $120,000 G",https://www.trade-a-plane.com/search?category_level1=Single+Engine+Piston&make=MAULE&model=M-4-180V&listing_id=2453446&s-type=aircraft,https://dsgiipnwy1jd8.cloudfront.net/eyJidWNrZXQiOiJ0YXAtYXNzZXRzMSIsImVkaXRzIjp7InNtYXJ0T3ZlcmxheSI6eyJidWNrZXQiOiJ0YXAtYXNzZXRzMSIsImtleSI6IndhdGVybWFyay5wbmcifSwicmVzaXplIjp7ImJhY2tncm91bmQiOnsiYWxwaGEiOjEsInIiOjI1NSwiZyI6MjU1LCJiIjoyNTV9LCJmaXQiOiJjb250YWluIiwid2lkdGgiOjY4MH19LCJrZXkiOiIxNTcyNDc0LmpwZyJ9,"2006 MAULE M-4-180V $120,000 Get Financing as low as $551.09 a month* Reg# N489LA TT: 610 Performance Specs Model 2006 with only 610 h TT, O360-C1F 610 h TSN, 25 h since IRAN, Hartzell prop 25h SMOH, very clean, mainly serviced by Maule, Vortex Generators, Rosen ... More Info Airplane Repair Inc El Cajon , CA USA Compare SAVE Last Update: 06/14/2026",2026-06-17,2026-06-23
trade-a-plane,Maule,2007,M-7-260,"$262,500",260 hp,,,,"2007 MAULE M-7-260 $262,500 G",https://www.trade-a-plane.com/search?category_level1=Single+Engine+Piston&make=MAULE&model=M-7-260&listing_id=2437807&s-type=aircraft,https://dsgiipnwy1jd8.cloudfront.net/eyJidWNrZXQiOiJ0YXAtYXNzZXRzMSIsImVkaXRzIjp7InNtYXJ0T3ZlcmxheSI6eyJrZXkiOiJ3YXRlcm1hcmsucG5nIiwiYnVja2V0IjoidGFwLWFzc2V0czEifSwicmVzaXplIjp7ImZpdCI6ImNvbnRhaW4iLCJ3aWR0aCI6NjgwLCJiYWNrZ3JvdW5kIjp7ImIiOjI1NSwiYWxwaGEiOjEsInIiOjI1NSwiZyI6MjU1fX19LCJrZXkiOiIxMzUwOTg5LmpwZyJ9,"2007 MAULE M-7-260 $262,500 Get Financing as low as $1,205.50 a month* Reg# N260RH TT: 680 Performance Specs SOLD - 2007 Maule M-7-260, Complete Log Books, Always Hangared. This Maule M-7-260 is ready for your next business trip or a weekend of Bush Flying! More Info Maule Air Texas Inc NV USA (214) 384-XXXX (click) Compare SAVE Last Update: 07/21/2025",2026-05-30,2026-06-23
trade-a-plane,Maule,2017,MXT-7-180,,180 hp,,,,2017 MAULE MXT-7-180 G,https://www.trade-a-plane.com/search?category_level1=Single+Engine+Piston&make=MAULE&model=MXT-7-180&listing_id=2455035&s-type=aircraft,https://dsgiipnwy1jd8.cloudfront.net/eyJidWNrZXQiOiJ0YXAtYXNzZXRzMSIsImVkaXRzIjp7InNtYXJ0T3ZlcmxheSI6eyJidWNrZXQiOiJ0YXAtYXNzZXRzMSIsImtleSI6IndhdGVybWFyay5wbmcifSwicmVzaXplIjp7ImZpdCI6ImNvbnRhaW4iLCJ3aWR0aCI6NjgwLCJiYWNrZ3JvdW5kIjp7ImIiOjI1NSwiZyI6MjU1LCJyIjoyNTUsImFscGhhIjoxfX19LCJrZXkiOiIxNjE3NDI3LmpwZyJ9,2017 MAULE MXT-7-180 Get Financing Reg# N4336S TT: 2615 Performance Specs SOLD - 1996 / 2017 Maule MXT-7-180 Star Rocket. This magnificent Maule MXT-7-180 has been refurbished by the Maule Factory in 2017 – New Fabric & Paint�... More Info Maule Air Texas Inc MS USA (214) 384-XXXX (click) Compare SAVE Last Update: 05/20/2026,2026-05-31,2026-06-23
trade-a-plane,Maule,2020,NOT SPECIFIED,,Continental US,,,,MAULE NOT SPECIFIED Call for Price Get Financing Reg# Not Listed TT: Not Listed ,https://www.trade-a-plane.com/search?category_level1=Single+Engine+Piston&make=MAULE&model=NOT+SPECIFIED&listing_id=2385397&s-type=aircraft,https://dsgiipnwy1jd8.cloudfront.net/eyJlZGl0cyI6eyJzbWFydE92ZXJsYXkiOnsia2V5Ijoid2F0ZXJtYXJrLnBuZyIsImJ1Y2tldCI6InRhcC1hc3NldHMxIn0sInJlc2l6ZSI6eyJmaXQiOiJjb250YWluIiwid2lkdGgiOjY4MCwiYmFja2dyb3VuZCI6eyJnIjoyNTUsImFscGhhIjoxLCJyIjoyNTUsImIiOjI1NX19fSwiYnVja2V0IjoidGFwLWFzc2V0czEiLCJrZXkiOiI2OTIxMTMuanBnIn0=,MAULE NOT SPECIFIED Call for Price Get Financing Reg# Not Listed TT: Not Listed Maule Air Texas Inc. is the Southwest's premier Pre-Owned Maule aircraft specialists.  Maule Air Texas services the entire Continental US and can import an... More Info Maule Air Texas Inc USA (214) 384-XXXX (click) Compare SAVE Last Update: 12/03/2020,2026-05-30,2026-06-23
